Model,Trait,Component,AvgVar,TotalVar,Percentage,ModelID,Type,Description
M1,GY,ETA_E,1237.441767469,1489.27801030255,0.8309004490152991,1,Basico,E + G
M1,GY,ETA_G,189.00327291585,1489.27801030255,0.12690932895561494,1,Basico,E + G
M1,GY,Residual,62.8329699177,1489.27801030255,0.04219022202908599,1,Basico,E + G
M2,GY,ETA_E,1354.6893934510001,63189444.665312335,2.1438539310263206e-5,2,Basico,E + P
M2,GY,ETA_P,63187933.45814874,63189444.665312335,0.9999760845000047,2,Basico,E + P
M2,GY,Residual,156.51777013995,63189444.665312335,2.4769606849523393e-6,2,Basico,E + P
M3,GY,ETA_E,1236.36105401,2547.41999676995,0.4853385211616725,3,Basico,E + GGK
M3,GY,ETA_GGK,1252.000464478,2547.41999676995,0.49147783485467567,3,Basico,E + GGK
M3,GY,Residual,59.05847828195,2547.41999676995,0.023183643983651823,3,Basico,E + GGK
M4,GY,ETA_E,1371.577618123,1864.2919310096502,0.7357096789987128,4,Basico,E + PGK
M4,GY,ETA_PGK,204.76860674515,1864.2919310096502,0.10983720056882554,4,Basico,E + PGK
M4,GY,Residual,287.9457061415,1864.2919310096502,0.15445312043246168,4,Basico,E + PGK
M5,GY,ETA_E,1251.7986230145,19964.720242031548,0.0627005341341623,5,Basico,E + GAK
M5,GY,ETA_GAK,18652.8162446266,19964.720242031548,0.9342888865207833,5,Basico,E + GAK
M5,GY,Residual,60.10537439045,19964.720242031548,0.003010579345054417,5,Basico,E + GAK
M6,GY,ETA_E,1370.3022442835,18762.07299169525,0.07303575915572035,6,Basico,E + PAK
M6,GY,ETA_PAK,17222.69546291575,18762.07299169525,0.9179526948082506,6,Basico,E + PAK
M6,GY,Residual,169.075284496,18762.07299169525,0.0090115460360291,6,Basico,E + PAK
M7,GY,ETA_E,1033.6588423127,1288.3272689359,0.8023262933543706,7,Interacao_E,E + G + GE
M7,GY,ETA_G,174.16344833185,1288.3272689359,0.13518571913462726,7,Interacao_E,E + G + GE
M7,GY,ETA_GE,35.509392734,1288.3272689359,0.027562400944388263,7,Interacao_E,E + G + GE
M7,GY,Residual,44.99558555735,1288.3272689359,0.03492558656661386,7,Interacao_E,E + G + GE
M8,GY,ETA_E,1169.96625810325,47849689.81555786,2.4450863999599992e-5,8,Interacao_E,E + P + PE
M8,GY,ETA_P,47848098.09214798,47849689.81555786,0.9999667349273107,8,Interacao_E,E + P + PE
M8,GY,ETA_PE,229.0866540024,47849689.81555786,4.787630910157221e-6,8,Interacao_E,E + P + PE
M8,GY,Residual,192.6704977673,47849689.81555786,4.0265777795001514e-6,8,Interacao_E,E + P + PE
M9,GY,ETA_E,939.80452233725,2327.09584286895,0.4038529505422587,9,Interacao_E,E + GGK + GGKE
M9,GY,ETA_GGK,1230.340099641,2327.09584286895,0.528701945564984,9,Interacao_E,E + GGK + GGKE
M9,GY,ETA_GGKE,110.2364808573,2327.09584286895,0.04737083828975236,9,Interacao_E,E + GGK + GGKE
M9,GY,Residual,46.7147400334,2327.09584286895,0.02007426560300496,9,Interacao_E,E + GGK + GGKE
M10,GY,ETA_E,1129.5762079055,1656.7642880139501,0.6817965694200121,10,Interacao_E,E + PGK + PGKE
M10,GY,ETA_PGK,145.82782156625,1656.7642880139501,0.08801965531322589,10,Interacao_E,E + PGK + PGKE
M10,GY,ETA_PGKE,88.5149409512,1656.7642880139501,0.05342639359839624,10,Interacao_E,E + PGK + PGKE
M10,GY,Residual,292.845317591,1656.7642880139501,0.17675738166836574,10,Interacao_E,E + PGK + PGKE
M11,GY,ETA_E,854.7300410551,19704.90307698055,0.04337651587099677,11,Interacao_E,E + GAK + GAKE
M11,GY,ETA_GAK,18431.95201060205,19704.90307698055,0.9353992728913458,11,Interacao_E,E + GAK + GAKE
M11,GY,ETA_GAKE,360.13427045779997,19704.90307698055,0.018276378678488,11,Interacao_E,E + GAK + GAKE
M11,GY,Residual,58.0867548656,19704.90307698055,0.0029478325591693715,11,Interacao_E,E + GAK + GAKE
M12,GY,ETA_E,1164.0481515381,15573.396691618394,0.07474593851221879,12,Interacao_E,E + PAK + PAKE
M12,GY,ETA_PAK,14199.963008104794,15573.396691618394,0.9118089835692182,12,Interacao_E,E + PAK + PAKE
M12,GY,ETA_PAKE,24.7362291004,15573.396691618394,0.0015883644133789414,12,Interacao_E,E + PAK + PAKE
M12,GY,Residual,184.6493028751,15573.396691618394,0.011856713505184023,12,Interacao_E,E + PAK + PAKE
M13,GY,ETA_E,1047.5814025535,5386.9559165707005,0.19446630319194877,13,Basico,E + G + P
M13,GY,ETA_G,181.4681089451,5386.9559165707005,0.033686577680520795,13,Basico,E + G + P
M13,GY,ETA_P,4096.32422466835,5386.9559165707005,0.7604153975100733,13,Basico,E + G + P
M13,GY,Residual,61.58218040375,5386.9559165707005,0.011431721617457155,13,Basico,E + G + P
M14,GY,ETA_E,1066.988288319,2402.15074156057,0.44418040460933994,14,Basico,E + GGK + PGK
M14,GY,ETA_GGK,1222.058773068,2402.15074156057,0.5087352562537698,14,Basico,E + GGK + PGK
M14,GY,ETA_PGK,54.23194505752,2402.15074156057,0.022576412095723822,14,Basico,E + GGK + PGK
M14,GY,Residual,58.87173511605,2402.15074156057,0.02450792704116631,14,Basico,E + GGK + PGK
M15,GY,ETA_E,1078.9556213327,19501.793095922694,0.055325970080068225,15,Basico,E + GAK + PAK
M15,GY,ETA_GAK,18317.82386406095,19501.793095922694,0.939289211713087,15,Basico,E + GAK + PAK
M15,GY,ETA_PAK,43.414243862795004,19501.793095922694,0.0022261667760115744,15,Basico,E + GAK + PAK
M15,GY,Residual,61.59936666625,19501.793095922694,0.003158651430833239,15,Basico,E + GAK + PAK
M16,GY,ETA_E,892.50236865695,2245.50811663795,0.3974612080196951,16,Interacao_E,E + G + P + GE + PE
M16,GY,ETA_G,168.8355083446,2245.50811663795,0.07518810869291631,16,Interacao_E,E + G + P + GE + PE
M16,GY,ETA_GE,28.40058790245,2245.50811663795,0.012647733353541519,16,Interacao_E,E + G + P + GE + PE
M16,GY,ETA_P,981.35992005045,2245.50811663795,0.43703245282398484,16,Interacao_E,E + G + P + GE + PE
M16,GY,ETA_PE,128.29072939915,2245.50811663795,0.057132160177283696,16,Interacao_E,E + G + P + GE + PE
M16,GY,Residual,46.11900228435,2245.50811663795,0.0205383369325785,16,Interacao_E,E + G + P + GE + PE
M17,GY,ETA_E,750.1629179904,2168.70893348026,0.34590299620639625,17,Interacao_E,E + GGK + PGK + GGKE + PGKE
M17,GY,ETA_GGK,1199.8902159704,2168.70893348026,0.553273976717965,17,Interacao_E,E + GGK + PGK + GGKE + PGKE
M17,GY,ETA_GGKE,89.11210424665,2168.70893348026,0.04108993275720332,17,Interacao_E,E + GGK + PGK + GGKE + PGKE
M17,GY,ETA_PGK,38.39713053526,2168.70893348026,0.017705064032563268,17,Interacao_E,E + GGK + PGK + GGKE + PGKE
M17,GY,ETA_PGKE,43.10948280195,2168.70893348026,0.019877947721075494,17,Interacao_E,E + GGK + PGK + GGKE + PGKE
M17,GY,Residual,48.0370819356,2168.70893348026,0.02215008256479672,17,Interacao_E,E + GGK + PGK + GGKE + PGKE
M18,GY,ETA_E,696.68231166975,19082.03166126426,0.03650986037739296,18,Interacao_E,E + GAK + PAK + GAKE + PAKE
M18,GY,ETA_GAK,17983.81691393745,19082.03166126426,0.9424477033252104,18,Interacao_E,E + GAK + PAK + GAKE + PAKE
M18,GY,ETA_GAKE,263.7790385164,19082.03166126426,0.0138234252619893,18,Interacao_E,E + GAK + PAK + GAKE + PAKE
M18,GY,ETA_PAK,61.165803582765,19082.03166126426,0.0032054135884770104,18,Interacao_E,E + GAK + PAK + GAKE + PAKE
M18,GY,ETA_PAKE,14.611833757495,19082.03166126426,7.657378426405414e-4,18,Interacao_E,E + GAK + PAK + GAKE + PAKE
M18,GY,Residual,61.9757598004,19082.03166126426,0.003247859604289843,18,Interacao_E,E + GAK + PAK + GAKE + PAKE
M19,GY,ETA_E,1056.184119906,1305.2505216372665,0.8091811513556454,19,Clima_Base_E,E + G + W
M19,GY,ETA_G,183.5804486821,1305.2505216372665,0.14064767310096324,19,Clima_Base_E,E + G + W
M19,GY,ETA_W,2.4044984469165,1305.2505216372665,0.0018421739022945346,19,Clima_Base_E,E + G + W
M19,GY,Residual,63.08145460225,1305.2505216372665,0.048329001641096866,19,Clima_Base_E,E + G + W
M20,GY,ETA_E,1165.81340419485,45888481.305508174,2.5405360365563302e-5,20,Clima_Base_E,E + P + W
M20,GY,ETA_P,45887117.03465479,45888481.305508174,0.9999702698626197,20,Clima_Base_E,E + P + W
M20,GY,ETA_W,2.401813315765,45888481.305508174,5.234022237028579e-8,20,Clima_Base_E,E + P + W
M20,GY,Residual,196.05563587465,45888481.305508174,4.272436792348512e-6,20,Clima_Base_E,E + P + W
M21,GY,ETA_E,957.39890193255,5221.905341095028,0.18334282975182856,21,Clima_Base_E,E + G + P + W
M21,GY,ETA_G,178.98729610335,5221.905341095028,0.034276242944269175,21,Clima_Base_E,E + G + P + W
M21,GY,ETA_P,4021.94230199215,5221.905341095028,0.7702058998160148,21,Clima_Base_E,E + G + P + W
M21,GY,ETA_W,1.814380144728,5221.905341095028,3.474555791828134e-4,21,Clima_Base_E,E + G + P + W
M21,GY,Residual,61.76246092225,5221.905341095028,0.011827571908704588,21,Clima_Base_E,E + G + P + W
M22,GY,ETA_E,1058.218724233,2370.8770051523006,0.4463406249811015,22,Clima_Base_E,E + GGK + W
M22,GY,ETA_GGK,1251.166426547,2370.8770051523006,0.5277230424977812,22,Clima_Base_E,E + GGK + W
M22,GY,ETA_W,2.4024587763005,2370.8770051523006,0.0010133207125800146,22,Clima_Base_E,E + GGK + W
M22,GY,Residual,59.089395596,2370.8770051523006,0.02492301180853716,22,Clima_Base_E,E + GGK + W
M23,GY,ETA_E,1166.4432843475,1653.4442159436865,0.7054627383856215,23,Clima_Base_E,E + PGK + W
M23,GY,ETA_PGK,195.84202296065,1653.4442159436865,0.11844489283170354,23,Clima_Base_E,E + PGK + W
M23,GY,ETA_W,2.4188500975365,1653.4442159436865,0.0014629160598296726,23,Clima_Base_E,E + PGK + W
M23,GY,Residual,288.740058538,1653.4442159436865,0.1746294527228453,23,Clima_Base_E,E + PGK + W
M24,GY,ETA_E,963.05053684285,2289.2753134050545,0.4206792128511683,24,Clima_Base_E,E + GGK + PGK + W
M24,GY,ETA_GGK,1221.333263659,2289.2753134050545,0.5335021334076224,24,Clima_Base_E,E + GGK + PGK + W
M24,GY,ETA_PGK,44.172391565195,2289.2753134050545,0.019295360110922283,24,Clima_Base_E,E + GGK + PGK + W
M24,GY,ETA_W,1.8126741367095,2289.2753134050545,7.918113326497805e-4,24,Clima_Base_E,E + GGK + PGK + W
M24,GY,Residual,58.9064472013,2289.2753134050545,0.025731482297637193,24,Clima_Base_E,E + GGK + PGK + W
M25,GY,ETA_E,1077.272735467,19677.86823927399,0.054745398351480463,25,Clima_Base_E,E + GAK + W
M25,GY,ETA_GAK,18536.0965248357,19677.86823927399,0.9419768594567834,25,Clima_Base_E,E + GAK + W
M25,GY,ETA_W,2.4130283671925,19677.86823927399,1.2262651308826572e-4,25,Clima_Base_E,E + GAK + W
M25,GY,Residual,62.0859506041,19677.86823927399,0.0031551156786478536,25,Clima_Base_E,E + GAK + W
M26,GY,ETA_E,1150.48014945,18878.782345819764,0.060940378906627166,26,Clima_Base_E,E + PAK + W
M26,GY,ETA_PAK,17556.578124931653,18878.782345819764,0.9299634798119869,26,Clima_Base_E,E + PAK + W
M26,GY,ETA_W,2.464374595109,18878.782345819764,1.305367343066315e-4,26,Clima_Base_E,E + PAK + W
M26,GY,Residual,169.259696843,18878.782345819764,0.00896560454707919,26,Clima_Base_E,E + PAK + W
M27,GY,ETA_E,979.6450841785,19307.524160145396,0.05073903189517608,27,Clima_Base_E,E + GAK + PAK + W
M27,GY,ETA_GAK,18218.34588162185,19307.524160145396,0.943587884728803,27,Clima_Base_E,E + GAK + PAK + W
M27,GY,ETA_PAK,44.720721105944996,19307.524160145396,0.002316232818615736,27,Clima_Base_E,E + GAK + PAK + W
M27,GY,ETA_W,1.803224315099,19307.524160145396,9.33949013939973e-5,27,Clima_Base_E,E + GAK + PAK + W
M27,GY,Residual,63.009248924,19307.524160145396,0.0032634556560112316,27,Clima_Base_E,E + GAK + PAK + W
M28,GY,ETA_E,941.28101510575,1192.9507324672945,0.7890359505115236,28,Clima_IntE,E + G + W + GE
M28,GY,ETA_G,172.4926745115,1192.9507324672945,0.14459329276301777,28,Clima_IntE,E + G + W + GE
M28,GY,ETA_GE,31.4786461775,1192.9507324672945,0.026387213923239707,28,Clima_IntE,E + G + W + GE
M28,GY,ETA_W,1.8671110630445,1192.9507324672945,0.0015651200106000086,28,Clima_IntE,E + G + W + GE
M28,GY,Residual,45.8312856095,1192.9507324672945,0.038418422791618924,28,Clima_IntE,E + G + W + GE
M29,GY,ETA_E,1076.23190142875,31160528.78964053,3.453830673716129e-5,29,Clima_IntE,E + P + W + PE
M29,GY,ETA_P,31159040.29889787,31160528.78964053,0.9999522315313483,29,Clima_IntE,E + P + W + PE
M29,GY,ETA_PE,180.0946173382,31160528.78964053,5.779575133464145e-6,29,Clima_IntE,E + P + W + PE
M29,GY,ETA_W,1.8149241093705,31160528.78964053,5.8244329601167755e-8,29,Clima_IntE,E + P + W + PE
M29,GY,Residual,230.3492997853,31160528.78964053,7.392342451578702e-6,29,Clima_IntE,E + P + W + PE
M30,GY,ETA_E,849.43897186595,1419.4059149681684,0.5984468311060965,30,Clima_IntE,E + G + P + W + GE + PE
M30,GY,ETA_G,168.6968311063,1419.4059149681684,0.11885030865894568,30,Clima_IntE,E + G + P + W + GE + PE
M30,GY,ETA_GE,26.31701749305,1419.4059149681684,0.018540867848673283,30,Clima_IntE,E + G + P + W + GE + PE
M30,GY,ETA_P,217.7395252657,1419.4059149681684,0.1534018725507305,30,Clima_IntE,E + G + P + W + GE + PE
M30,GY,ETA_PE,109.290085323,1419.4059149681684,0.07699706205990478,30,Clima_IntE,E + G + P + W + GE + PE
M30,GY,ETA_W,1.21383974716835,1419.4059149681684,8.551745024928767e-4,30,Clima_IntE,E + G + P + W + GE + PE
M30,GY,Residual,46.709644167,1419.4059149681684,0.032907883273156226,30,Clima_IntE,E + G + P + W + GE + PE
M31,GY,ETA_E,842.0736861748,2222.7469068901614,0.3788437107097104,31,Clima_IntE,E + GGK + W + GGKE
M31,GY,ETA_GGK,1231.8739497215,2222.7469068901614,0.5542124233320883,31,Clima_IntE,E + GGK + W + GGKE
M31,GY,ETA_GGKE,99.714882651,2222.7469068901614,0.044861105122629905,31,Clima_IntE,E + GGK + W + GGKE
M31,GY,ETA_W,1.80330664656155,2222.7469068901614,8.112964372918871e-4,31,Clima_IntE,E + GGK + W + GGKE
M31,GY,Residual,47.2810816963,2222.7469068901614,0.021271464398279524,31,Clima_IntE,E + GGK + W + GGKE
M32,GY,ETA_E,1049.7995629718,1548.6934056275975,0.6778614535046567,32,Clima_IntE,E + PGK + W + PGKE
M32,GY,ETA_PGK,130.983184193315,1548.6934056275975,0.08457657514221477,32,Clima_IntE,E + PGK + W + PGKE
M32,GY,ETA_PGKE,72.63407596695,1548.6934056275975,0.0469002293824035,32,Clima_IntE,E + PGK + W + PGKE
M32,GY,ETA_W,1.8102618250325,1548.6934056275975,0.0011688961923996208,32,Clima_IntE,E + PGK + W + PGKE
M32,GY,Residual,293.4663206705,1548.6934056275975,0.18949284577832548,32,Clima_IntE,E + PGK + W + PGKE
M33,GY,ETA_E,713.4533736928,2119.1139601750856,0.33667532143191253,33,Clima_IntE,E + GGK + PGK + W + GGKE + PGKE
M33,GY,ETA_GGK,1201.3830700863,2119.1139601750856,0.5669270707777505,33,Clima_IntE,E + GGK + PGK + W + GGKE + PGKE
M33,GY,ETA_GGKE,83.38914704705,2119.1139601750856,0.03935094979043044,33,Clima_IntE,E + GGK + PGK + W + GGKE + PGKE
M33,GY,ETA_PGK,33.393917350575,2119.1139601750856,0.015758433938973214,33,Clima_IntE,E + GGK + PGK + W + GGKE + PGKE
M33,GY,ETA_PGKE,37.899661337795,2119.1139601750856,0.01788467352395888,33,Clima_IntE,E + GGK + PGK + W + GGKE + PGKE
M33,GY,ETA_W,1.20596216541575,2119.1139601750856,5.690879245192226e-4,33,Clima_IntE,E + GGK + PGK + W + GGKE + PGKE
M33,GY,Residual,48.38882849515,2119.1139601750856,0.022834462612455263,33,Clima_IntE,E + GGK + PGK + W + GGKE + PGKE
M34,GY,ETA_E,752.27998727679994,19429.65645176812,0.03871813117973795,34,Clima_IntE,E + GAK + W + GAKE
M34,GY,ETA_GAK,18305.04925567335,19429.65645176812,0.9421190385488041,34,Clima_IntE,E + GAK + W + GAKE
M34,GY,ETA_GAKE,309.82945937155,19429.65645176812,0.015946213981737963,34,Clima_IntE,E + GAK + W + GAKE
M34,GY,ETA_W,1.811350168172,19429.65645176812,9.322605228087627e-5,34,Clima_IntE,E + GAK + W + GAKE
M34,GY,Residual,60.68639927825,19429.65645176812,0.003123390237439194,34,Clima_IntE,E + GAK + W + GAKE
M35,GY,ETA_E,1044.1286441463,15413.87707389027,0.06773952063721597,35,Clima_IntE,E + PAK + W + PAKE
M35,GY,ETA_PAK,14162.92626634559,15413.87707389027,0.9188425597565146,35,Clima_IntE,E + PAK + W + PAKE
M35,GY,ETA_PAKE,20.10965335479,15413.87707389027,0.001304646018544806,35,Clima_IntE,E + PAK + W + PAKE
M35,GY,ETA_W,1.8145323530395,15413.87707389027,1.1772069702782018e-4,35,Clima_IntE,E + PAK + W + PAKE
M35,GY,Residual,184.89797769055,15413.87707389027,0.011995552890696828,35,Clima_IntE,E + PAK + W + PAKE
M36,GY,ETA_E,663.1392301763,18903.626867707633,0.03507999998186148,36,Clima_IntE,E + GAK + PAK + W + GAKE + PAKE
M36,GY,ETA_GAK,17857.718768764575,18903.626867707633,0.9446715645488251,36,Clima_IntE,E + GAK + PAK + W + GAKE + PAKE
M36,GY,ETA_GAKE,241.85553200485,18903.626867707633,0.012794133829313086,36,Clima_IntE,E + GAK + PAK + W + GAKE + PAKE
M36,GY,ETA_PAK,62.826920479315,18903.626867707633,0.003323537907248894,36,Clima_IntE,E + GAK + PAK + W + GAKE + PAKE
M36,GY,ETA_PAKE,12.82971722878,18903.626867707633,6.786907781541399e-4,36,Clima_IntE,E + GAK + PAK + W + GAKE + PAKE
M36,GY,ETA_W,1.2594892649651,18903.626867707633,6.662685810396729e-5,36,Clima_IntE,E + GAK + PAK + W + GAKE + PAKE
M36,GY,Residual,63.99720978885,18903.626867707633,0.003385446096493476,36,Clima_IntE,E + GAK + PAK + W + GAKE + PAKE
M37,GY,ETA_E,941.3283206475,1234.158294636801,0.7627289989770093,37,Clima_IntW,E + G + W + GW
M37,GY,ETA_G,160.0175804048,1234.158294636801,0.12965725798722713,37,Clima_IntW,E + G + W + GW
M37,GY,ETA_GW,81.2610978451,1234.158294636801,0.0658433348446718,37,Clima_IntW,E + G + W + GW
M37,GY,ETA_W,1.845000824001,1234.158294636801,0.001494946662854106,37,Clima_IntW,E + G + W + GW
M37,GY,Residual,49.7062949154,1234.158294636801,0.04027546152823776,37,Clima_IntW,E + G + W + GW
M38,GY,ETA_E,1067.6447208234,32604306.656436235,3.274551218259512e-5,38,Clima_IntW,E + P + W + PW
M38,GY,ETA_P,32580743.439050686,32604306.656436235,0.9992772973940577,38,Clima_IntW,E + P + W + PW
M38,GY,ETA_PW,22267.27283923875,32604306.656436235,6.829549566527308e-4,38,Clima_IntW,E + P + W + PW
M38,GY,ETA_W,1.7991085004875,32604306.656436235,5.518008769348721e-8,38,Clima_IntW,E + P + W + PW
M38,GY,Residual,226.5007169864,32604306.656436235,6.946957019301858e-6,38,Clima_IntW,E + P + W + PW
M39,GY,ETA_E,850.10520965215,2100.463644989457,0.4047226485828642,39,Clima_IntW,E + G + P + W + GW + PW
M39,GY,ETA_G,157.9273852062,2100.463644989457,0.07518691674713213,39,Clima_IntW,E + G + P + W + GW + PW
M39,GY,ETA_GW,68.78646924455,2100.463644989457,0.03274823128152512,39,Clima_IntW,E + G + P + W + GW + PW
M39,GY,ETA_P,687.65120102755,2100.463644989457,0.32738067267572324,39,Clima_IntW,E + G + P + W + GW + PW
M39,GY,ETA_PW,285.56276901535,2100.463644989457,0.13595225496834693,39,Clima_IntW,E + G + P + W + GW + PW
M39,GY,ETA_W,1.20296125610695,2100.463644989457,5.727122480679679e-4,39,Clima_IntW,E + G + P + W + GW + PW
M39,GY,Residual,49.22764958755,2100.463644989457,0.023436563496340396,39,Clima_IntW,E + G + P + W + GW + PW
M40,GY,ETA_E,837.8006613083,2300.5001625784857,0.36418196135629133,40,Clima_IntW,E + GGK + W + GGKW
M40,GY,ETA_GGK,1197.481480224,2300.5001625784857,0.5205309261451294,40,Clima_IntW,E + GGK + W + GGKW
M40,GY,ETA_GGKW,213.88714880135,2300.5001625784857,0.09297419416898339,40,Clima_IntW,E + GGK + W + GGKW
M40,GY,ETA_W,1.8043560238855,2300.5001625784857,7.843320566702812e-4,40,Clima_IntW,E + GGK + W + GGKW
M40,GY,Residual,49.52651622095,2300.5001625784857,0.02152858627292547,40,Clima_IntW,E + GGK + W + GGKW
M41,GY,ETA_E,1059.83813481865,1614.370011878107,0.6565026152744672,41,Clima_IntW,E + PGK + W + PGKW
M41,GY,ETA_PGK,128.52988965211,1614.370011878107,0.07961612809109504,41,Clima_IntW,E + PGK + W + PGKW
M41,GY,ETA_PGKW,133.50380538595,1614.370011878107,0.08269715393848023,41,Clima_IntW,E + PGK + W + PGKW
M41,GY,ETA_W,1.80699800039725,1614.370011878107,0.001119320841629761,41,Clima_IntW,E + PGK + W + PGKW
M41,GY,Residual,290.691184021,1614.370011878107,0.18006478185432787,41,Clima_IntW,E + PGK + W + PGKW
M42,GY,ETA_E,708.68904471165,2221.8198757102587,0.3189678211358607,42,Clima_IntW,E + GGK + PGK + W + GGKW + PGKW
M42,GY,ETA_GGK,1175.9593919817,2221.8198757102587,0.5292775552319587,42,Clima_IntW,E + GGK + PGK + W + GGKW + PGKW
M42,GY,ETA_GGKW,185.9926055296,2221.8198757102587,0.08371182901140578,42,Clima_IntW,E + GGK + PGK + W + GGKW + PGKW
M42,GY,ETA_PGK,33.686604028125,2221.8198757102587,0.01516171693142148,42,Clima_IntW,E + GGK + PGK + W + GGKW + PGKW
M42,GY,ETA_PGKW,66.526662158,2221.8198757102587,0.029942419223670476,42,Clima_IntW,E + GGK + PGK + W + GGKW + PGKW
M42,GY,ETA_W,1.20209661178355,2221.8198757102587,5.410414340628178e-4,42,Clima_IntW,E + GGK + PGK + W + GGKW + PGKW
M42,GY,Residual,49.7634706894,2221.8198757102587,0.022397617031620038,42,Clima_IntW,E + GGK + PGK + W + GGKW + PGKW
M43,GY,ETA_E,786.88000033655,20149.138157289843,0.03905278698244775,43,Clima_IntW,E + GAK + W + GAKW
M43,GY,ETA_GAK,17925.965618873,20149.138157289843,0.889664137440414,43,Clima_IntW,E + GAK + W + GAKW
M43,GY,ETA_GAKW,1375.2689450895,20149.138157289843,0.06825447988662163,43,Clima_IntW,E + GAK + W + GAKW
M43,GY,ETA_W,1.8101233194905,20149.138157289843,8.98362652218754e-5,43,Clima_IntW,E + GAK + W + GAKW
M43,GY,Residual,59.2134696713,20149.138157289843,0.0029387594252946697,43,Clima_IntW,E + GAK + W + GAKW
M44,GY,ETA_E,1055.3514065262,16909.462284535664,0.062411884468458724,44,Clima_IntW,E + PAK + W + PAKW
M44,GY,ETA_PAK,15635.16129988237,16909.462284535664,0.9246397689523994,44,Clima_IntW,E + PAK + W + PAKW
M44,GY,ETA_PAKW,37.35281522574,16909.462284535664,0.0022089889434213734,44,Clima_IntW,E + PAK + W + PAKW
M44,GY,ETA_W,1.8148183849555,16909.462284535664,1.073256118034705e-4,44,Clima_IntW,E + PAK + W + PAKW
M44,GY,Residual,179.7819445164,16909.462284535664,0.010632032023917005,44,Clima_IntW,E + PAK + W + PAKW
M45,GY,ETA_E,691.503236641,19672.06375358721,0.035151534953464354,45,Clima_IntW,E + GAK + PAK + W + GAKW + PAKW
M45,GY,ETA_GAK,17273.68239674107,19672.06375358721,0.8780818633526036,45,Clima_IntW,E + GAK + PAK + W + GAKW + PAKW
M45,GY,ETA_GAKW,1567.34210797255,19672.06375358721,0.07967349677212918,45,Clima_IntW,E + GAK + PAK + W + GAKW + PAKW
M45,GY,ETA_PAK,52.881457406530004,19672.06375358721,0.0026881499607221966,45,Clima_IntW,E + GAK + PAK + W + GAKW + PAKW
M45,GY,ETA_PAKW,22.810174320315,19672.06375358721,0.0011595211669724055,45,Clima_IntW,E + GAK + PAK + W + GAKW + PAKW
M45,GY,ETA_W,1.2050401351428,19672.06375358721,6.125641672562495e-5,45,Clima_IntW,E + GAK + PAK + W + GAKW + PAKW
M45,GY,Residual,62.6393403706,19672.06375358721,0.0031841773773825686,45,Clima_IntW,E + GAK + PAK + W + GAKW + PAKW
M46,GY,ETA_G,129.5643794626,1582.9127061678998,0.08185187910725955,46,Clima_Base_noE,G + W
M46,GY,ETA_W,1031.3266590488,1582.9127061678998,0.6515372926316044,46,Clima_Base_noE,G + W
M46,GY,Residual,422.02166765649997,1582.9127061678998,0.266610828261136,46,Clima_Base_noE,G + W
M47,GY,ETA_P,6160.18323638905,7746.6052829434,0.795210677630967,47,Clima_Base_noE,P + W
M47,GY,ETA_W,1016.28055689185,7746.6052829434,0.1311904401699042,47,Clima_Base_noE,P + W
M47,GY,Residual,570.1414896625,7746.6052829434,0.07359888219912879,47,Clima_Base_noE,P + W
M48,GY,ETA_G,112.9455585535,1887.77152035025,0.059830099848388704,48,Clima_Base_noE,G + P + W
M48,GY,ETA_P,333.6161485405,1887.77152035025,0.17672485517664877,48,Clima_Base_noE,G + P + W
M48,GY,ETA_W,1017.29515626875,1887.77152035025,0.5388868013434194,48,Clima_Base_noE,G + P + W
M48,GY,Residual,423.9146569875,1887.77152035025,0.22455824363154311,48,Clima_Base_noE,G + P + W
M49,GY,ETA_GGK,710.1418534905,2140.05976404345,0.3318327204791473,49,Clima_Base_noE,GGK + W
M49,GY,ETA_W,1018.93802582295,2140.05976404345,0.4761259675747366,49,Clima_Base_noE,GGK + W
M49,GY,Residual,410.97988473,2140.05976404345,0.1920413119461162,49,Clima_Base_noE,GGK + W
M50,GY,ETA_PGK,179.00383825035001,1776.4320312643501,0.10076593705808524,50,Clima_Base_noE,PGK + W
M50,GY,ETA_W,1048.35159771,1776.4320312643501,0.5901445027220382,50,Clima_Base_noE,PGK + W
M50,GY,Residual,549.076595304,1776.4320312643501,0.30908956021987655,50,Clima_Base_noE,PGK + W
M51,GY,ETA_GGK,627.4640001768,2149.598738127695,0.2918981989742525,51,Clima_Base_noE,GGK + PGK + W
M51,GY,ETA_PGK,77.569845769395,2149.598738127695,0.03608573283633321,51,Clima_Base_noE,GGK + PGK + W
M51,GY,ETA_W,1035.9035830865,2149.598738127695,0.48190555972728855,51,Clima_Base_noE,GGK + PGK + W
M51,GY,Residual,408.661309095,2149.598738127695,0.19011050846212574,51,Clima_Base_noE,GGK + PGK + W
M52,GY,ETA_GAK,10793.97230800505,12241.2416597205,0.8817710333684815,52,Clima_Base_noE,GAK + W
M52,GY,ETA_W,1003.10382378345,12241.2416597205,0.08194461408960974,52,Clima_Base_noE,GAK + W
M52,GY,Residual,444.165527932,12241.2416597205,0.03628435254190885,52,Clima_Base_noE,GAK + W
M53,GY,ETA_PAK,46.998274926825,1643.584902102375,0.028594978492871057,53,Clima_Base_noE,PAK + W
M53,GY,ETA_W,1007.89453525105,1643.584902102375,0.6132293707260342,53,Clima_Base_noE,PAK + W
M53,GY,Residual,588.6920919245,1643.584902102375,0.3581756507810947,53,Clima_Base_noE,PAK + W
M54,GY,ETA_GAK,9312.8721138825,10795.771962150391,0.8626406843839526,54,Clima_Base_noE,GAK + PAK + W
M54,GY,ETA_PAK,22.23026678429,10795.771962150391,0.0020591641674378228,54,Clima_Base_noE,GAK + PAK + W
M54,GY,ETA_W,1008.6075729581,10795.771962150391,0.09342616502962862,54,Clima_Base_noE,GAK + PAK + W
M54,GY,Residual,452.0620085255,10795.771962150391,0.04187398641898088,54,Clima_Base_noE,GAK + PAK + W
M55,GY,ETA_E,2046.7398816325,2400.3136947020002,0.8526968313142101,55,Individual,E
M55,GY,Residual,353.5738130695,2400.3136947020002,0.14730316868578974,55,Individual,E
M56,GY,ETA_G,186.08531055205,1591.11153828555,0.11695302690882382,56,Individual,G
M56,GY,Residual,1405.0262277335,1591.11153828555,0.8830469730911762,56,Individual,G
M57,GY,ETA_P,1002.63006215525,2475.07679494175,0.40509048616362087,57,Individual,P
M57,GY,Residual,1472.4467327865,2475.07679494175,0.5949095138363791,57,Individual,P
M58,GY,ETA_GGK,590.4433275742,1964.0705532622,0.30062225951787225,58,Individual,GGK
M58,GY,Residual,1373.627225688,1964.0705532622,0.6993777404821278,58,Individual,GGK
M59,GY,ETA_PGK,204.5477468021,1658.9941798461,0.12329624135334537,59,Individual,PGK
M59,GY,Residual,1454.446433044,1658.9941798461,0.8767037586466546,59,Individual,PGK
M60,GY,ETA_GAK,2713.85149591385,4186.82844957185,0.6481878893775482,60,Individual,GAK
M60,GY,Residual,1472.976953658,4186.82844957185,0.35181211062245177,60,Individual,GAK
M61,GY,ETA_PAK,57.79471110971,1547.17010732521,0.0373551110094979,61,Individual,PAK
M61,GY,Residual,1489.3753962155,1547.17010732521,0.962644888990502,61,Individual,PAK
M62,GY,ETA_W,1008.02496313235,1626.9802220833499,0.61956804972194,62,Individual,W
M62,GY,Residual,618.955258951,1626.9802220833499,0.38043195027806004,62,Individual,W
M1,KW,ETA_E,320.95580019695,430.609304929745,0.7453526817060183,1,Basico,E + G
M1,KW,ETA_G,94.0389668197,430.609304929745,0.21838582153964994,1,Basico,E + G
M1,KW,Residual,15.614537913095,430.609304929745,0.036261496754331754,1,Basico,E + G
M2,KW,ETA_E,363.3407667532,19388033.415486265,1.8740465263639383e-5,2,Basico,E + P
M2,KW,ETA_P,19387618.626332965,19388033.415486265,0.9999786059192074,2,Basico,E + P
M2,KW,Residual,51.448386547685,19388033.415486265,2.6536155289783234e-6,2,Basico,E + P
M3,KW,ETA_E,319.6412367766,963.57680969286,0.33172367118142415,3,Basico,E + GGK
M3,KW,ETA_GGK,630.4499013945,963.57680969286,0.6542808990966229,3,Basico,E + GGK
M3,KW,Residual,13.48567152176,963.57680969286,0.013995429721952894,3,Basico,E + GGK
M4,KW,ETA_E,362.65655223535,1033.7433693185499,0.3508187457341714,4,Basico,E + PGK
M4,KW,ETA_PGK,584.09329113195,1033.7433693185499,0.5650273641097093,4,Basico,E + PGK
M4,KW,Residual,86.99352595125,1033.7433693185499,0.08415389015611939,4,Basico,E + PGK
M5,KW,ETA_E,323.2378933085,8010.088850557815,0.04035384617312828,5,Basico,E + GAK
M5,KW,ETA_GAK,7671.639551910295,8010.088850557815,0.9577471230392219,5,Basico,E + GAK
M5,KW,Residual,15.21140533902,8010.088850557815,0.001899030787649839,5,Basico,E + GAK
M6,KW,ETA_E,353.28698350035,4525.775538887475,0.07806109261600608,6,Basico,E + PAK
M6,KW,ETA_PAK,4113.996029638275,4525.775538887475,0.9090145974516396,6,Basico,E + PAK
M6,KW,Residual,58.49252574885,4525.775538887475,0.012924309932354406,6,Basico,E + PAK
M7,KW,ETA_E,263.48825252395,374.81506094147,0.702982030290121,7,Interacao_E,E + G + GE
M7,KW,ETA_G,90.09725652555,374.81506094147,0.24037789810057636,7,Interacao_E,E + G + GE
M7,KW,ETA_GE,9.280680474175,374.81506094147,0.024760692515566347,7,Interacao_E,E + G + GE
M7,KW,Residual,11.948871417795,374.81506094147,0.03187937909373632,7,Interacao_E,E + G + GE
M8,KW,ETA_E,300.0867331417,14417152.996973764,2.0814562570341715e-5,8,Interacao_E,E + P + PE
M8,KW,ETA_P,14416727.907419344,14417152.996973764,0.99997051501399,8,Interacao_E,E + P + PE
M8,KW,ETA_PE,62.46665250755,14417152.996973764,4.332800832498766e-6,8,Interacao_E,E + P + PE
M8,KW,Residual,62.53616877061,14417152.996973764,4.3376226071636105e-6,8,Interacao_E,E + P + PE
M9,KW,ETA_E,246.13549845695,905.268668746625,0.271892209411967,9,Interacao_E,E + GGK + GGKE
M9,KW,ETA_GGK,623.100585398,905.268668746625,0.6883045960937804,9,Interacao_E,E + GGK + GGKE
M9,KW,ETA_GGKE,24.57468982301,905.268668746625,0.027146294433269724,9,Interacao_E,E + GGK + GGKE
M9,KW,Residual,11.457895068665,905.268668746625,0.012656900060982825,9,Interacao_E,E + GGK + GGKE
M10,KW,ETA_E,296.44927094385,749.79239376368,0.3953751377175014,10,Interacao_E,E + PGK + PGKE
M10,KW,ETA_PGK,339.245608656495,749.79239376368,0.45245272088398725,10,Interacao_E,E + PGK + PGKE
M10,KW,ETA_PGKE,25.124944595135,749.79239376368,0.0335092017525239,10,Interacao_E,E + PGK + PGKE
M10,KW,Residual,88.9725695682,749.79239376368,0.11866293964598743,10,Interacao_E,E + PGK + PGKE
M11,KW,ETA_E,225.41791077145,7862.416371667695,0.028670309497185364,11,Interacao_E,E + GAK + GAKE
M11,KW,ETA_GAK,7547.244773608645,7862.416371667695,0.9599141557556308,11,Interacao_E,E + GAK + GAKE
M11,KW,ETA_GAKE,73.8854505977,7862.416371667695,0.00939729557746993,11,Interacao_E,E + GAK + GAKE
M11,KW,Residual,15.8682366899,7862.416371667695,0.002018239169713953,11,Interacao_E,E + GAK + GAKE
M12,KW,ETA_E,312.8072394946,2535.89173775395,0.1233519691860563,12,Interacao_E,E + PAK + PAKE
M12,KW,ETA_PAK,2152.19587514636,2535.89173775395,0.8486939103530377,12,Interacao_E,E + PAK + PAKE
M12,KW,ETA_PAKE,6.91180837089,2535.89173775395,0.0027255928429388778,12,Interacao_E,E + PAK + PAKE
M12,KW,Residual,63.9768147421,2535.89173775395,0.025228527617967053,12,Interacao_E,E + PAK + PAKE
M13,KW,ETA_E,271.70549317775,32306.32898566346,0.00841028682950404,13,Basico,E + G + P
M13,KW,ETA_G,82.82033703365,32306.32898566346,0.0025635948012045283,13,Basico,E + G + P
M13,KW,ETA_P,31937.8154843518,32306.32898566346,0.9885931483742646,13,Basico,E + G + P
M13,KW,Residual,13.98767110026,32306.32898566346,4.329699950268968e-4,13,Basico,E + G + P
M14,KW,ETA_E,269.7294113504,868.2412813235601,0.31066181389028225,14,Basico,E + GGK + PGK
M14,KW,ETA_GGK,565.116755579,868.2412813235601,0.6508752437082093,14,Basico,E + GGK + PGK
M14,KW,ETA_PGK,19.80021613268,868.2412813235601,0.022804969722812825,14,Basico,E + GGK + PGK
M14,KW,Residual,13.59489826148,868.2412813235601,0.01565797267869564,14,Basico,E + GGK + PGK
M15,KW,ETA_E,274.104368488,7614.8451661056,0.03599605277702357,15,Basico,E + GAK + PAK
M15,KW,ETA_GAK,7302.51576229286,7614.8451661056,0.9589841425531608,15,Basico,E + GAK + PAK
M15,KW,ETA_PAK,22.787049124145,7614.8451661056,0.0029924507494351067,15,Basico,E + GAK + PAK
M15,KW,Residual,15.437986200595,7614.8451661056,0.0020273539203805413,15,Basico,E + GAK + PAK
M16,KW,ETA_E,224.77628259045,3331.1071897419697,0.06747794945855866,16,Interacao_E,E + G + P + GE + PE
M16,KW,ETA_G,81.54713597505,3331.1071897419697,0.024480489918238476,16,Interacao_E,E + G + P + GE + PE
M16,KW,ETA_GE,6.89717756005,3331.1071897419697,0.002070536061189992,16,Interacao_E,E + G + P + GE + PE
M16,KW,ETA_P,2970.74067739428,3331.1071897419697,0.8918177975606951,16,Interacao_E,E + G + P + GE + PE
M16,KW,ETA_PE,35.775277707925,3331.1071897419697,0.010739755783930863,16,Interacao_E,E + G + P + GE + PE
M16,KW,Residual,11.370638514215,3331.1071897419697,0.0034134712173869673,16,Interacao_E,E + G + P + GE + PE
M17,KW,ETA_E,201.41729136987,816.564902096155,0.2466641547448631,17,Interacao_E,E + GGK + PGK + GGKE + PGKE
M17,KW,ETA_GGK,558.626608302235,816.564902096155,0.6841178292971177,17,Interacao_E,E + GGK + PGK + GGKE + PGKE
M17,KW,ETA_GGKE,19.17106178456,816.564902096155,0.02347769508014257,17,Interacao_E,E + GGK + PGK + GGKE + PGKE
M17,KW,ETA_PGK,13.780396983585,816.564902096155,0.016876058410311496,17,Interacao_E,E + GGK + PGK + GGKE + PGKE
M17,KW,ETA_PGKE,11.704097907675,816.564902096155,0.014333334530580616,17,Interacao_E,E + GGK + PGK + GGKE + PGKE
M17,KW,Residual,11.86544574823,816.564902096155,0.01453092793698446,17,Interacao_E,E + GGK + PGK + GGKE + PGKE
M18,KW,ETA_E,186.211902509235,7391.262830546238,0.02519351655845167,18,Interacao_E,E + GAK + PAK + GAKE + PAKE
M18,KW,ETA_GAK,7084.16740436579,7391.262830546238,0.9584515619020746,18,Interacao_E,E + GAK + PAK + GAKE + PAKE
M18,KW,ETA_GAKE,54.16779396379,7391.262830546238,0.007328625054426163,18,Interacao_E,E + GAK + PAK + GAKE + PAKE
M18,KW,ETA_PAK,46.2787354320205,7391.262830546238,0.0062612758459572124,18,Interacao_E,E + GAK + PAK + GAKE + PAKE
M18,KW,ETA_PAKE,3.8768781913765,7391.262830546238,5.245217603890818e-4,18,Interacao_E,E + GAK + PAK + GAKE + PAKE
M18,KW,Residual,16.560116084025,7391.262830546238,0.0022404988787012403,18,Interacao_E,E + GAK + PAK + GAKE + PAKE
M19,KW,ETA_E,272.38601751925,381.46523701508835,0.7140520055002447,19,Clima_Base_E,E + G + W
M19,KW,ETA_G,92.81170383755,381.46523701508835,0.2433031763622512,19,Clima_Base_E,E + G + W
M19,KW,ETA_W,0.65247664518835,381.46523701508835,0.00171044850716644,19,Clima_Base_E,E + G + W
M19,KW,Residual,15.6150390131,381.46523701508835,0.04093436963033769,19,Clima_Base_E,E + G + W
M20,KW,ETA_E,298.79744375185,14571029.203228923,2.05062689522053e-5,20,Clima_Base_E,E + P + W
M20,KW,ETA_P,14570667.566627743,14571029.203228923,0.9999751811216534,20,Clima_Base_E,E + P + W
M20,KW,ETA_W,0.6562306677602,14571029.203228923,4.503667233161403e-8,20,Clima_Base_E,E + P + W
M20,KW,Residual,62.18292675959,14571029.203228923,4.267572722029158e-6,20,Clima_Base_E,E + P + W
M21,KW,ETA_E,243.1057742536,16495.68519573494,0.014737537202544124,21,Clima_Base_E,E + G + P + W
M21,KW,ETA_G,83.1288224865,16495.68519573494,0.00503942828079633,21,Clima_Base_E,E + G + P + W
M21,KW,ETA_P,16154.731392181955,16495.68519573494,0.9793307280354053,21,Clima_Base_E,E + G + P + W
M21,KW,ETA_W,0.49294912707495,16495.68519573494,2.9883519309789264e-5,21,Clima_Base_E,E + G + P + W
M21,KW,Residual,14.22625768581,16495.68519573494,8.624229619445142e-4,21,Clima_Base_E,E + G + P + W
M22,KW,ETA_E,271.1095878951,914.5316322752739,0.29644637574821037,22,Clima_Base_E,E + GGK + W
M22,KW,ETA_GGK,629.26595789495,914.5316322752739,0.6880745681036663,22,Clima_Base_E,E + GGK + W
M22,KW,ETA_W,0.65016042417885,914.5316322752739,7.109217453324259e-4,22,Clima_Base_E,E + GGK + W
M22,KW,Residual,13.505926061045,914.5316322752739,0.014768134402790914,22,Clima_Base_E,E + GGK + W
M23,KW,ETA_E,304.6854428217,1121.4113851910865,0.27169818930434897,23,Clima_Base_E,E + PGK + W
M23,KW,ETA_PGK,729.6132336487,1121.4113851910865,0.6506204977795683,23,Clima_Base_E,E + PGK + W
M23,KW,ETA_W,0.65794859128645,1121.4113851910865,5.867147417754607e-4,23,Clima_Base_E,E + PGK + W
M23,KW,Residual,86.4547601294,1121.4113851910865,0.07709459817430715,23,Clima_Base_E,E + PGK + W
M24,KW,ETA_E,245.81475410225,844.113959033649,0.2912103886821886,24,Clima_Base_E,E + GGK + PGK + W
M24,KW,ETA_GGK,567.4589383668,844.113959033649,0.6722539442617834,24,Clima_Base_E,E + GGK + PGK + W
M24,KW,ETA_PGK,16.738156710965,844.113959033649,0.01982926183346977,24,Clima_Base_E,E + GGK + PGK + W
M24,KW,ETA_W,0.48790026627405,844.113959033649,5.780028407924963e-4,24,Clima_Base_E,E + GGK + PGK + W
M24,KW,Residual,13.61420958736,844.113959033649,0.016128402381765723,24,Clima_Base_E,E + GGK + PGK + W
M25,KW,ETA_E,281.10871582575,7868.881291735828,0.0357241017374325,25,Clima_Base_E,E + GAK + W
M25,KW,ETA_GAK,7570.65695744758,7868.881291735828,0.9621007963862088,25,Clima_Base_E,E + GAK + W
M25,KW,ETA_W,0.6514515088489,7868.881291735828,8.27883259000332e-5,25,Clima_Base_E,E + GAK + W
M25,KW,Residual,16.46416695365,7868.881291735828,0.0020923135504587213,25,Clima_Base_E,E + GAK + W
M26,KW,ETA_E,302.59248337245,4395.041774451709,0.0688486023344338,26,Clima_Base_E,E + PAK + W
M26,KW,ETA_PAK,4033.349599799565,4395.041774451709,0.9177044967457071,26,Clima_Base_E,E + PAK + W
M26,KW,ETA_W,0.65671178864425,4395.041774451709,1.4942105726086668e-4,26,Clima_Base_E,E + PAK + W
M26,KW,Residual,58.44297949105,4395.041774451709,0.013297479862598322,26,Clima_Base_E,E + PAK + W
M27,KW,ETA_E,254.1653590275,7556.927897005784,0.033633423858418145,27,Clima_Base_E,E + GAK + PAK + W
M27,KW,ETA_GAK,7253.52857689575,7556.927897005784,0.9598514999421595,27,Clima_Base_E,E + GAK + PAK + W
M27,KW,ETA_PAK,32.7752037036925,7556.927897005784,0.004337106844261242,27,Clima_Base_E,E + GAK + PAK + W
M27,KW,ETA_W,0.4925170955467,7556.927897005784,6.51742483532026e-5,27,Clima_Base_E,E + GAK + PAK + W
M27,KW,Residual,15.966240283295,7556.927897005784,0.002112795106808041,27,Clima_Base_E,E + GAK + PAK + W
M28,KW,ETA_E,242.2742324522,352.77543527442623,0.6867661640435179,28,Clima_IntE,E + G + W + GE
M28,KW,ETA_G,89.7603150712,352.77543527442623,0.25444037791739915,28,Clima_IntE,E + G + W + GE
M28,KW,ETA_GE,8.10339927358,352.77543527442623,0.022970418184804487,28,Clima_IntE,E + G + W + GE
M28,KW,ETA_W,0.4955420715212,352.77543527442623,0.001404695514402001,28,Clima_IntE,E + G + W + GE
M28,KW,Residual,12.141946405925,352.77543527442623,0.03441834433987645,28,Clima_IntE,E + G + W + GE
M29,KW,ETA_E,272.89560184435,10786668.381425131,2.529934101935329e-5,29,Clima_IntE,E + P + W + PE
M29,KW,ETA_P,10786274.024902558,10786668.381425131,0.9999634403776376,29,Clima_IntE,E + P + W + PE
M29,KW,ETA_PE,49.89756271238,10786668.381425131,4.625854893092352e-6,29,Clima_IntE,E + P + W + PE
M29,KW,ETA_W,0.49006861217675,10786668.381425131,4.543280602012929e-8,29,Clima_IntE,E + P + W + PE
M29,KW,Residual,71.0732894048,10786668.381425131,6.588993643967926e-6,29,Clima_IntE,E + P + W + PE
M30,KW,ETA_E,216.4754808728,5024.348026939836,0.04308528782482611,30,Clima_IntE,E + G + P + W + GE + PE
M30,KW,ETA_G,81.19983743615,5024.348026939836,0.016161268487128694,30,Clima_IntE,E + G + P + W + GE + PE
M30,KW,ETA_GE,6.34793500222,5024.348026939836,0.0012634345726417198,30,Clima_IntE,E + G + P + W + GE + PE
M30,KW,ETA_P,4678.08700624035,5024.348026939836,0.9310833925430954,30,Clima_IntE,E + G + P + W + GE + PE
M30,KW,ETA_PE,30.421661167325,5024.348026939836,0.006054847515380782,30,Clima_IntE,E + G + P + W + GE + PE
M30,KW,ETA_W,0.32745459383585,5024.348026939836,6.51735493003441e-5,30,Clima_IntE,E + G + P + W + GE + PE
M30,KW,Residual,11.488651627155,5024.348026939836,0.0022865955076269585,30,Clima_IntE,E + G + P + W + GE + PE
M31,KW,ETA_E,222.5900171249,879.7566549179572,0.2530131666303313,31,Clima_IntE,E + GGK + W + GGKE
M31,KW,ETA_GGK,623.2786598955,879.7566549179572,0.7084671157771744,31,Clima_IntE,E + GGK + W + GGKE
M31,KW,ETA_GGKE,21.771088795005,879.7566549179572,0.024746716803222463,31,Clima_IntE,E + GGK + W + GGKE
M31,KW,ETA_W,0.49419127713725,879.7566549179572,5.617363328536985e-4,31,Clima_IntE,E + GGK + W + GGKE
M31,KW,Residual,11.622697825415,879.7566549179572,0.013211264456418223,31,Clima_IntE,E + GGK + W + GGKE
M32,KW,ETA_E,261.03416569825,675.1719346017977,0.3866188037750747,32,Clima_IntE,E + PGK + W + PGKE
M32,KW,ETA_PGK,303.957571353715,675.1719346017977,0.4501928409287078,32,Clima_IntE,E + PGK + W + PGKE
M32,KW,ETA_PGKE,20.61026297729,675.1719346017977,0.03052594742322265,32,Clima_IntE,E + PGK + W + PGKE
M32,KW,ETA_W,0.4924118061927,675.1719346017977,7.293132029889752e-4,32,Clima_IntE,E + PGK + W + PGKE
M32,KW,Residual,89.07752276635,675.1719346017977,0.13193309467000588,32,Clima_IntE,E + PGK + W + PGKE
M33,KW,ETA_E,190.71258749593,803.1187367886032,0.23746499584672165,33,Clima_IntE,E + GGK + PGK + W + GGKE + PGKE
M33,KW,ETA_GGK,559.85433565342,803.1187367886032,0.697100329014967,33,Clima_IntE,E + GGK + PGK + W + GGKE + PGKE
M33,KW,ETA_GGKE,17.62465362337,803.1187367886032,0.0219452651470254,33,Clima_IntE,E + GGK + PGK + W + GGKE + PGKE
M33,KW,ETA_PGK,12.32008495284,803.1187367886032,0.015340303231006415,33,Clima_IntE,E + GGK + PGK + W + GGKE + PGKE
M33,KW,ETA_PGKE,10.3239068984,803.1187367886032,0.0128547703166306,33,Clima_IntE,E + GGK + PGK + W + GGKE + PGKE
M33,KW,ETA_W,0.3279830263532,803.1187367886032,4.0838671958357215e-4,33,Clima_IntE,E + GGK + PGK + W + GGKE + PGKE
M33,KW,Residual,11.95518513829,803.1187367886032,0.014885949724065324,33,Clima_IntE,E + GGK + PGK + W + GGKE + PGKE
M34,KW,ETA_E,198.46673700619,7747.866885052775,0.02561566169768263,34,Clima_IntE,E + GAK + W + GAKE
M34,KW,ETA_GAK,7463.79220482439,7747.866885052775,0.9633351108836907,34,Clima_IntE,E + GAK + W + GAKE
M34,KW,ETA_GAKE,68.04776504855,7747.866885052775,0.008782774156823488,34,Clima_IntE,E + GAK + W + GAKE
M34,KW,ETA_W,0.49037201157455,7747.866885052775,6.329122826317244e-5,34,Clima_IntE,E + GAK + W + GAKE
M34,KW,Residual,17.06980616207,7747.866885052775,0.002203162033539988,34,Clima_IntE,E + GAK + W + GAKE
M35,KW,ETA_E,280.3745088263,2803.313861739127,0.10001538274146746,35,Clima_IntE,E + PAK + W + PAKE
M35,KW,ETA_PAK,2453.51312952132,2803.313861739127,0.8752188483094802,35,Clima_IntE,E + PAK + W + PAKE
M35,KW,ETA_PAKE,5.569134326435,2803.313861739127,0.0019866253302725104,35,Clima_IntE,E + PAK + W + PAKE
M35,KW,ETA_W,0.48813112227205,2803.313861739127,1.7412646116236945e-4,35,Clima_IntE,E + PAK + W + PAKE
M35,KW,Residual,63.3689579428,2803.313861739127,0.022605017157617525,35,Clima_IntE,E + PAK + W + PAKE
M36,KW,ETA_E,183.313724719385,7324.615940083369,0.025027076671176086,36,Clima_IntE,E + GAK + PAK + W + GAKE + PAKE
M36,KW,ETA_GAK,7019.44950814425,7324.615940083369,0.9583368692044151,36,Clima_IntE,E + GAK + PAK + W + GAKE + PAKE
M36,KW,ETA_GAKE,47.88975648444,7324.615940083369,0.0065381935211602255,36,Clima_IntE,E + GAK + PAK + W + GAKE + PAKE
M36,KW,ETA_PAK,53.024845734530004,7324.615940083369,0.007239266354479532,36,Clima_IntE,E + GAK + PAK + W + GAKE + PAKE
M36,KW,ETA_PAKE,3.3877336790965,7324.615940083369,4.6251348969130254e-4,36,Clima_IntE,E + GAK + PAK + W + GAKE + PAKE
M36,KW,ETA_W,0.3270364286327,7324.615940083369,4.464895242397892e-5,36,Clima_IntE,E + GAK + PAK + W + GAKE + PAKE
M36,KW,Residual,17.223334893035,7324.615940083369,0.002351431806653737,36,Clima_IntE,E + GAK + PAK + W + GAKE + PAKE
M37,KW,ETA_E,245.9528479996,367.20723091291103,0.6697930413519869,37,Clima_IntW,E + G + W + GW
M37,KW,ETA_G,86.46621884345,367.20723091291103,0.2354698153097013,37,Clima_IntW,E + G + W + GW
M37,KW,ETA_GW,20.94848029102,367.20723091291103,0.05704811487219396,37,Clima_IntW,E + G + W + GW
M37,KW,ETA_W,0.49129272755105,367.20723091291103,0.0013379168115226136,37,Clima_IntW,E + G + W + GW
M37,KW,Residual,13.34839105129,367.20723091291103,0.036351111654595335,37,Clima_IntW,E + G + W + GW
M38,KW,ETA_E,271.8016832424,9841411.761595134,2.7618159856197837e-5,38,Clima_IntW,E + P + W + PW
M38,KW,ETA_P,9809415.583590318,9841411.761595134,0.9967488223458267,38,Clima_IntW,E + P + W + PW
M38,KW,ETA_PW,31650.870273118002,9841411.761595134,0.0032160904390396024,38,Clima_IntW,E + P + W + PW
M38,KW,ETA_W,0.49151491043435,9841411.761595134,4.994353679544483e-8,38,Clima_IntW,E + P + W + PW
M38,KW,Residual,73.014533545515,9841411.761595134,7.4191117407001495e-6,38,Clima_IntW,E + P + W + PW
M39,KW,ETA_E,215.66466320505,6998.427282184046,0.03081616119011043,39,Clima_IntW,E + G + P + W + GW + PW
M39,KW,ETA_G,78.517229308,6998.427282184046,0.011219267721461071,39,Clima_IntW,E + G + P + W + GW + PW
M39,KW,ETA_GW,16.56567321678,6998.427282184046,0.002367056561257894,39,Clima_IntW,E + G + P + W + GW + PW
M39,KW,ETA_P,6587.716941983055,6998.427282184046,0.9413139090197394,39,Clima_IntW,E + G + P + W + GW + PW
M39,KW,ETA_PW,87.512167305865,6998.427282184046,0.012504547632958258,39,Clima_IntW,E + G + P + W + GW + PW
M39,KW,ETA_W,0.33015305820035,6998.427282184046,4.7175321667029874e-5,39,Clima_IntW,E + G + P + W + GW + PW
M39,KW,Residual,12.120454107095,6998.427282184046,0.0017318825528058483,39,Clima_IntW,E + G + P + W + GW + PW
M40,KW,ETA_E,225.52150733275,898.263942847037,0.25106374259882036,40,Clima_IntW,E + GGK + W + GGKW
M40,KW,ETA_GGK,616.7188210984,898.263942847037,0.6865674905570817,40,Clima_IntW,E + GGK + W + GGKW
M40,KW,ETA_GGKW,43.34690354568,898.263942847037,0.04825631028703267,40,Clima_IntW,E + GGK + W + GGKW
M40,KW,ETA_W,0.48727025699205,898.263942847037,5.42457771874548e-4,40,Clima_IntW,E + GGK + W + GGKW
M40,KW,Residual,12.189440613215,898.263942847037,0.01356999878519081,40,Clima_IntW,E + GGK + W + GGKW
M41,KW,ETA_E,270.23794447425,801.4901569052952,0.33716938648091416,41,Clima_IntW,E + PGK + W + PGKW
M41,KW,ETA_PGK,404.440167085435,801.4901569052952,0.5046102732528305,41,Clima_IntW,E + PGK + W + PGKW
M41,KW,ETA_PGKW,38.11092404538,801.4901569052952,0.047550083699759306,41,Clima_IntW,E + PGK + W + PGKW
M41,KW,ETA_W,0.4950803155801,801.4901569052952,6.176998074333172e-4,41,Clima_IntW,E + PGK + W + PGKW
M41,KW,Residual,88.20604098465,801.4901569052952,0.11005255675906261,41,Clima_IntW,E + PGK + W + PGKW
M42,KW,ETA_E,199.16204670221,830.6698806836132,0.23976076577894745,42,Clima_IntW,E + GGK + PGK + W + GGKW + PGKW
M42,KW,ETA_GGK,553.81728682996,830.6698806836132,0.6667116500891872,42,Clima_IntW,E + GGK + PGK + W + GGKW + PGKW
M42,KW,ETA_GGKW,34.45804240581,830.6698806836132,0.04148223404639662,42,Clima_IntW,E + GGK + PGK + W + GGKW + PGKW
M42,KW,ETA_PGK,12.171828520865,830.6698806836132,0.01465302739861953,42,Clima_IntW,E + GGK + PGK + W + GGKW + PGKW
M42,KW,ETA_PGKW,18.304779549235,830.6698806836132,0.022036166201392527,42,Clima_IntW,E + GGK + PGK + W + GGKW + PGKW
M42,KW,ETA_W,0.32352731034815,830.6698806836132,3.894775985881395e-4,42,Clima_IntW,E + GGK + PGK + W + GGKW + PGKW
M42,KW,Residual,12.432369365185,830.6698806836132,0.014966678886868489,42,Clima_IntW,E + GGK + PGK + W + GGKW + PGKW
M43,KW,ETA_E,211.90751970355,8009.187111485335,0.02645805582437578,43,Clima_IntW,E + GAK + W + GAKW
M43,KW,ETA_GAK,7325.655591867135,8009.187111485335,0.9146565675013383,43,Clima_IntW,E + GAK + W + GAKW
M43,KW,ETA_GAKW,454.61388129703,8009.187111485335,0.056761550825189806,43,Clima_IntW,E + GAK + W + GAKW
M43,KW,ETA_W,0.49524849530025,8009.187111485335,6.183505122386936e-5,43,Clima_IntW,E + GAK + W + GAKW
M43,KW,Residual,16.51487012232,8009.187111485335,0.002061990797872277,43,Clima_IntW,E + GAK + W + GAKW
M44,KW,ETA_E,278.9254300838,2951.5475646551763,0.09450141797609361,44,Clima_IntW,E + PAK + W + PAKW
M44,KW,ETA_PAK,2599.760300005952,2951.5475646551763,0.8808126052712544,44,Clima_IntW,E + PAK + W + PAKW
M44,KW,ETA_PAKW,10.240272314595,2951.5475646551763,0.0034694586789731615,44,Clima_IntW,E + PAK + W + PAKW
M44,KW,ETA_W,0.49022265822935,2951.5475646551763,1.6609004174615826e-4,44,Clima_IntW,E + PAK + W + PAKW
M44,KW,Residual,62.1313395926,2951.5475646551763,0.021050428031932696,44,Clima_IntW,E + PAK + W + PAKW
M45,KW,ETA_E,190.2415524825,7748.081321614393,0.024553375808252512,45,Clima_IntW,E + GAK + PAK + W + GAKW + PAKW
M45,KW,ETA_GAK,6660.99912440165,7748.081321614393,0.8596965942806808,45,Clima_IntW,E + GAK + PAK + W + GAKW + PAKW
M45,KW,ETA_GAKW,830.079531926245,7748.081321614393,0.10713355958340526,45,Clima_IntW,E + GAK + PAK + W + GAKW + PAKW
M45,KW,ETA_PAK,43.3238056433995,7748.081321614393,0.005591552778691349,45,Clima_IntW,E + GAK + PAK + W + GAKW + PAKW
M45,KW,ETA_PAKW,6.234593637005,7748.081321614393,8.046629066234372e-4,45,Clima_IntW,E + GAK + PAK + W + GAKW + PAKW
M45,KW,ETA_W,0.3269886364941,7748.081321614393,4.2202530267966845e-5,45,Clima_IntW,E + GAK + PAK + W + GAKW + PAKW
M45,KW,Residual,16.8757248871,7748.081321614393,0.0021780521120787315,45,Clima_IntW,E + GAK + PAK + W + GAKW + PAKW
M46,KW,ETA_G,57.8294076969,428.22710937889997,0.13504378034537723,46,Clima_Base_noE,G + W
M46,KW,ETA_W,255.49863737175,428.22710937889997,0.5966428368870081,46,Clima_Base_noE,G + W
M46,KW,Residual,114.89906431025,428.22710937889997,0.2683133827676147,46,Clima_Base_noE,G + W
M47,KW,ETA_P,89578.312823666,89993.83237108705,0.9953827997266783,47,Clima_Base_noE,P + W
M47,KW,ETA_W,254.7163294642,89993.83237108705,0.0028303754018818125,47,Clima_Base_noE,P + W
M47,KW,Residual,160.80321795685,89993.83237108705,0.0017868248714398832,47,Clima_Base_noE,P + W
M48,KW,ETA_G,47.18844134595,525.0009337129,0.08988258556461023,48,Clima_Base_noE,G + P + W
M48,KW,ETA_P,110.56983872045,525.0009337129,0.2106088420423949,48,Clima_Base_noE,G + P + W
M48,KW,ETA_W,253.26505528795,525.0009337129,0.48240877115553776,48,Clima_Base_noE,G + P + W
M48,KW,Residual,113.97759835855,525.0009337129,0.21709980123745715,48,Clima_Base_noE,G + P + W
M49,KW,ETA_GGK,364.3125412664,726.9249528609,0.5011693983438104,49,Clima_Base_noE,GGK + W
M49,KW,ETA_W,251.59998679585,726.9249528609,0.34611549074721976,49,Clima_Base_noE,GGK + W
M49,KW,Residual,111.01242479865,726.9249528609,0.1527151109089698,49,Clima_Base_noE,GGK + W
M50,KW,ETA_PGK,71.66940065845,482.70641739940004,0.14847409952528026,50,Clima_Base_noE,PGK + W
M50,KW,ETA_W,256.6114031664,482.70641739940004,0.5316096780915077,50,Clima_Base_noE,PGK + W
M50,KW,Residual,154.42561357455,482.70641739940004,0.319916222383212,50,Clima_Base_noE,PGK + W
M51,KW,ETA_GGK,280.59818458275,675.70780873815,0.41526556442606877,51,Clima_Base_noE,GGK + PGK + W
M51,KW,ETA_PGK,32.6958543015,675.70780873815,0.048387563202144795,51,Clima_Base_noE,GGK + PGK + W
M51,KW,ETA_W,252.67046461985,675.70780873815,0.37393450445940424,51,Clima_Base_noE,GGK + PGK + W
M51,KW,Residual,109.74330523405,675.70780873815,0.1624123679123822,51,Clima_Base_noE,GGK + PGK + W
M52,KW,ETA_GAK,4651.97678297056,5025.31168681708,0.9257091048052022,52,Clima_Base_noE,GAK + W
M52,KW,ETA_W,254.69635244432,5025.31168681708,0.0506826975752501,52,Clima_Base_noE,GAK + W
M52,KW,Residual,118.6385514022,5025.31168681708,0.023608197619547654,52,Clima_Base_noE,GAK + W
M53,KW,ETA_PAK,100.26358067199,515.56801664014,0.1944720724248741,53,Clima_Base_noE,PAK + W
M53,KW,ETA_W,252.5235467904,515.56801664014,0.4897967651989908,53,Clima_Base_noE,PAK + W
M53,KW,Residual,162.78088917775,515.56801664014,0.3157311623761352,53,Clima_Base_noE,PAK + W
M54,KW,ETA_GAK,3786.678861385565,4178.249858361518,0.9062834894394024,54,Clima_Base_noE,GAK + PAK + W
M54,KW,ETA_PAK,15.835175557413,4178.249858361518,0.0037899063230322693,54,Clima_Base_noE,GAK + PAK + W
M54,KW,ETA_W,252.71514625229,4178.249858361518,0.0604834930459116,54,Clima_Base_noE,GAK + PAK + W
M54,KW,Residual,123.02067516625,4178.249858361518,0.029443111191653822,54,Clima_Base_noE,GAK + PAK + W
M55,KW,ETA_E,538.517162405,658.6849520451,0.817564088465965,55,Individual,E
M55,KW,Residual,120.1677896401,658.6849520451,0.18243591153403507,55,Individual,E
M56,KW,ETA_G,57.58473977405,431.99565065254995,0.1332993507852811,56,Individual,G
M56,KW,Residual,374.4109108785,431.99565065254995,0.866700649214719,56,Individual,G
M57,KW,ETA_P,298.37435900105,686.71698429805,0.4344939266443847,57,Individual,P
M57,KW,Residual,388.342625297,686.71698429805,0.5655060733556153,57,Individual,P
M58,KW,ETA_GGK,207.04481041985,574.2515145838499,0.3605472604976789,58,Individual,GGK
M58,KW,Residual,367.206704164,574.2515145838499,0.6394527395023212,58,Individual,GGK
M59,KW,ETA_PGK,69.8545571983,451.08707146280005,0.15485825601645672,59,Individual,PGK
M59,KW,Residual,381.2325142645,451.08707146280005,0.8451417439835432,59,Individual,PGK
M60,KW,ETA_GAK,1128.8881329885,1522.7048409755,0.7413702922657639,60,Individual,GAK
M60,KW,Residual,393.816707987,1522.7048409755,0.25862970773423605,60,Individual,GAK
M61,KW,ETA_PAK,25.087072140145,422.865037887645,0.05932642780179576,61,Individual,PAK
M61,KW,Residual,397.7779657475,422.865037887645,0.9406735721982042,61,Individual,PAK
M62,KW,ETA_W,256.650162850995,442.754342435495,0.5796671839269119,62,Individual,W
M62,KW,Residual,186.1041795845,442.754342435495,0.42033281607308814,62,Individual,W
