Component,MeanVar,Param,Model,REP,Trait
Residual,56.14607083910565,Aleatorio,2,1,GY
E,1240.9764438995992,Fixo,2,1,GY
P,135983917.79880288,Aleatorio,2,1,GY
PE,184.82189153786504,Aleatorio,2,1,GY
Residual,46.6602467316013,Aleatorio,7,1,GY
E,1099.9846504291054,Fixo,7,1,GY
G,168.15898762358654,Aleatorio,7,1,GY
P,22771.65365652817,Aleatorio,7,1,GY
GE,21.931282463362887,Aleatorio,7,1,GY
PE,102.9418690713116,Aleatorio,7,1,GY
Residual,56.022330051883955,Aleatorio,11,1,GY
E,1055.9517509903949,Fixo,11,1,GY
W,1.4512668180765005,Aleatorio,11,1,GY
P,136572553.38179606,Aleatorio,11,1,GY
PE,121.22118578018599,Aleatorio,11,1,GY
PW,447.82365042520405,Aleatorio,11,1,GY
Residual,44.81907372748461,Aleatorio,12,1,GY
E,1132.950113008153,Fixo,12,1,GY
W,0.9538057639332388,Aleatorio,12,1,GY
G,159.74485814363086,Aleatorio,12,1,GY
P,231.3593090339275,Aleatorio,12,1,GY
GE,15.374096851895315,Aleatorio,12,1,GY
PE,78.98428755929106,Aleatorio,12,1,GY
GW,46.56897533198584,Aleatorio,12,1,GY
PW,260.86860856371055,Aleatorio,12,1,GY
Residual,56.53529129995481,Aleatorio,2,2,GY
E,1326.4482445639917,Fixo,2,2,GY
P,135817389.83965656,Aleatorio,2,2,GY
PE,183.18228036537522,Aleatorio,2,2,GY
Residual,44.037264763883655,Aleatorio,7,2,GY
E,1137.044404994398,Fixo,7,2,GY
G,141.9302395961193,Aleatorio,7,2,GY
P,299039.48418238194,Aleatorio,7,2,GY
GE,21.39713525001528,Aleatorio,7,2,GY
PE,121.27146453766467,Aleatorio,7,2,GY
Residual,56.28579010529809,Aleatorio,11,2,GY
E,1378.0212408877478,Fixo,11,2,GY
W,1.3860913395778107,Aleatorio,11,2,GY
P,136419327.1596311,Aleatorio,11,2,GY
PE,107.11534151720511,Aleatorio,11,2,GY
PW,348.33723963883966,Aleatorio,11,2,GY
Residual,44.84130735437506,Aleatorio,12,2,GY
E,1061.2662045911202,Fixo,12,2,GY
W,0.9613835104253795,Aleatorio,12,2,GY
G,159.8231495601902,Aleatorio,12,2,GY
P,280.9781939138737,Aleatorio,12,2,GY
GE,15.239024863044511,Aleatorio,12,2,GY
PE,75.64386400743759,Aleatorio,12,2,GY
GW,46.12461082847294,Aleatorio,12,2,GY
PW,293.289699551531,Aleatorio,12,2,GY
Residual,56.25971160081961,Aleatorio,2,3,GY
E,1393.0364831422978,Fixo,2,3,GY
P,135810983.88971537,Aleatorio,2,3,GY
PE,172.51809740582416,Aleatorio,2,3,GY
Residual,47.04381949273068,Aleatorio,7,3,GY
E,1161.3475796788791,Fixo,7,3,GY
G,171.97482793160225,Aleatorio,7,3,GY
P,503.9710044558003,Aleatorio,7,3,GY
GE,22.38744020750524,Aleatorio,7,3,GY
PE,100.98717388971204,Aleatorio,7,3,GY
Residual,56.09554806181495,Aleatorio,11,3,GY
E,1062.153617496759,Fixo,11,3,GY
W,1.4647789667906836,Aleatorio,11,3,GY
P,136678331.69590604,Aleatorio,11,3,GY
PE,147.73447579828382,Aleatorio,11,3,GY
PW,445.3744863922991,Aleatorio,11,3,GY
Residual,44.97066808365606,Aleatorio,12,3,GY
E,1004.0114383598835,Fixo,12,3,GY
W,0.9057558312675161,Aleatorio,12,3,GY
G,158.70051322646898,Aleatorio,12,3,GY
P,185.32848080743503,Aleatorio,12,3,GY
GE,15.246862899735884,Aleatorio,12,3,GY
PE,75.69692694801117,Aleatorio,12,3,GY
GW,46.69413618594145,Aleatorio,12,3,GY
PW,244.74178113771745,Aleatorio,12,3,GY
Residual,57.05980054477314,Aleatorio,2,4,GY
E,1267.9943467945043,Fixo,2,4,GY
P,134241415.73867196,Aleatorio,2,4,GY
PE,173.66577666652898,Aleatorio,2,4,GY
Residual,46.88808164533335,Aleatorio,7,4,GY
E,1057.6710957974462,Fixo,7,4,GY
G,173.92605573840717,Aleatorio,7,4,GY
P,358.98398061403196,Aleatorio,7,4,GY
GE,22.453527149183913,Aleatorio,7,4,GY
PE,116.47273187549716,Aleatorio,7,4,GY
Residual,56.00668731719815,Aleatorio,11,4,GY
E,1145.7384101077837,Fixo,11,4,GY
W,1.4682812543159485,Aleatorio,11,4,GY
P,135877620.79843608,Aleatorio,11,4,GY
PE,119.65851909891948,Aleatorio,11,4,GY
PW,386.3489014165965,Aleatorio,11,4,GY
Residual,44.73545330758933,Aleatorio,12,4,GY
E,955.7146969281841,Fixo,12,4,GY
W,0.9146936763828797,Aleatorio,12,4,GY
G,160.35694204425627,Aleatorio,12,4,GY
P,147.41955632828785,Aleatorio,12,4,GY
GE,15.248537779201419,Aleatorio,12,4,GY
PE,89.63850669612924,Aleatorio,12,4,GY
GW,46.18449573264615,Aleatorio,12,4,GY
PW,269.2066552974702,Aleatorio,12,4,GY
Residual,56.15301724889519,Aleatorio,2,5,GY
E,1388.5220010688643,Fixo,2,5,GY
P,136593308.5467817,Aleatorio,2,5,GY
PE,195.47161136703312,Aleatorio,2,5,GY
Residual,46.58151438285496,Aleatorio,7,5,GY
E,1115.6634089136926,Fixo,7,5,GY
G,167.5806549226536,Aleatorio,7,5,GY
P,16501.960005709745,Aleatorio,7,5,GY
GE,22.33326884524657,Aleatorio,7,5,GY
PE,93.86426844865616,Aleatorio,7,5,GY
Residual,56.173597740875046,Aleatorio,11,5,GY
E,1123.8735250099744,Fixo,11,5,GY
W,1.421692239085077,Aleatorio,11,5,GY
P,135909035.85876274,Aleatorio,11,5,GY
PE,124.25701922286049,Aleatorio,11,5,GY
PW,418.62286824426025,Aleatorio,11,5,GY
Residual,44.440651692375525,Aleatorio,12,5,GY
E,1071.7419344922205,Fixo,12,5,GY
W,1.0733764750447614,Aleatorio,12,5,GY
G,161.44579068593112,Aleatorio,12,5,GY
P,227.2324302224921,Aleatorio,12,5,GY
GE,15.336325644672405,Aleatorio,12,5,GY
PE,78.21234915221126,Aleatorio,12,5,GY
GW,46.802987844490026,Aleatorio,12,5,GY
PW,277.190240998424,Aleatorio,12,5,GY
Residual,56.19792994026682,Aleatorio,2,6,GY
E,1215.7921611428678,Fixo,2,6,GY
P,136785504.33210057,Aleatorio,2,6,GY
PE,173.0901105066448,Aleatorio,2,6,GY
Residual,47.16339577865033,Aleatorio,7,6,GY
E,1208.1867742413237,Fixo,7,6,GY
G,173.6166607310398,Aleatorio,7,6,GY
P,441.00213719139253,Aleatorio,7,6,GY
GE,22.226756226272535,Aleatorio,7,6,GY
PE,107.78859980213228,Aleatorio,7,6,GY
Residual,56.144588554264395,Aleatorio,11,6,GY
E,1068.9769831555543,Fixo,11,6,GY
W,1.569768714072062,Aleatorio,11,6,GY
P,136072314.49174803,Aleatorio,11,6,GY
PE,118.83704613409074,Aleatorio,11,6,GY
PW,344.1345326198159,Aleatorio,11,6,GY
Residual,44.590274099629156,Aleatorio,12,6,GY
E,1149.7702122624084,Fixo,12,6,GY
W,1.0279832387946952,Aleatorio,12,6,GY
G,160.6938473465254,Aleatorio,12,6,GY
P,160.29835739416282,Aleatorio,12,6,GY
GE,15.36759514898468,Aleatorio,12,6,GY
PE,73.15925666021313,Aleatorio,12,6,GY
GW,45.92960949023324,Aleatorio,12,6,GY
PW,224.5332872403682,Aleatorio,12,6,GY
Residual,56.4852500949321,Aleatorio,2,7,GY
E,1358.7169173933619,Fixo,2,7,GY
P,136422611.79222444,Aleatorio,2,7,GY
PE,192.7437112755255,Aleatorio,2,7,GY
Residual,46.94529710307522,Aleatorio,7,7,GY
E,1275.3111524245599,Fixo,7,7,GY
G,173.464825381142,Aleatorio,7,7,GY
P,214.20327587652235,Aleatorio,7,7,GY
GE,22.219025684660505,Aleatorio,7,7,GY
PE,102.49897918986233,Aleatorio,7,7,GY
Residual,55.97328024422332,Aleatorio,11,7,GY
E,1180.9032845795982,Fixo,11,7,GY
W,1.5287748512387092,Aleatorio,11,7,GY
P,135862581.84999847,Aleatorio,11,7,GY
PE,126.64572394529064,Aleatorio,11,7,GY
PW,409.71702421956917,Aleatorio,11,7,GY
Residual,44.73956731975112,Aleatorio,12,7,GY
E,1060.980454403655,Fixo,12,7,GY
W,1.1106714030614522,Aleatorio,12,7,GY
G,158.8225762772289,Aleatorio,12,7,GY
P,381.5336910759093,Aleatorio,12,7,GY
GE,15.319550098418684,Aleatorio,12,7,GY
PE,72.99164017159889,Aleatorio,12,7,GY
GW,45.74959737430188,Aleatorio,12,7,GY
PW,261.37202316903665,Aleatorio,12,7,GY
Residual,56.137442830846204,Aleatorio,2,8,GY
E,1306.221914615469,Fixo,2,8,GY
P,136859552.75223222,Aleatorio,2,8,GY
PE,168.77323627532465,Aleatorio,2,8,GY
Residual,44.054360182586905,Aleatorio,7,8,GY
E,1301.2938889038257,Fixo,7,8,GY
G,139.34981643309447,Aleatorio,7,8,GY
P,263316.20403680106,Aleatorio,7,8,GY
GE,21.26775253993035,Aleatorio,7,8,GY
PE,100.11827935770359,Aleatorio,7,8,GY
Residual,56.09089926609939,Aleatorio,11,8,GY
E,1101.1532377170904,Fixo,11,8,GY
W,1.5116389486431123,Aleatorio,11,8,GY
P,135841161.55693465,Aleatorio,11,8,GY
PE,124.10542764518225,Aleatorio,11,8,GY
PW,489.4507370174697,Aleatorio,11,8,GY
Residual,44.750110435072536,Aleatorio,12,8,GY
E,1052.9948459893667,Fixo,12,8,GY
W,1.0475439936036013,Aleatorio,12,8,GY
G,159.1230423151162,Aleatorio,12,8,GY
P,148.5780470365674,Aleatorio,12,8,GY
GE,15.50277384829659,Aleatorio,12,8,GY
PE,74.06165711972228,Aleatorio,12,8,GY
GW,46.64830105625636,Aleatorio,12,8,GY
PW,254.5612483327614,Aleatorio,12,8,GY
Residual,56.18305383950504,Aleatorio,2,9,GY
E,1283.8288812830922,Fixo,2,9,GY
P,137130969.48724258,Aleatorio,2,9,GY
PE,166.84782045889312,Aleatorio,2,9,GY
Residual,44.89270351877338,Aleatorio,7,9,GY
E,1128.0694174493842,Fixo,7,9,GY
G,150.3259876374199,Aleatorio,7,9,GY
P,177087.5380361666,Aleatorio,7,9,GY
GE,21.562427583806937,Aleatorio,7,9,GY
PE,105.90247820474579,Aleatorio,7,9,GY
Residual,56.09869881843241,Aleatorio,11,9,GY
E,1198.4856567970814,Fixo,11,9,GY
W,1.4834761722737182,Aleatorio,11,9,GY
P,135850959.94265097,Aleatorio,11,9,GY
PE,151.77791743706146,Aleatorio,11,9,GY
PW,782.364742608482,Aleatorio,11,9,GY
Residual,44.711519558718784,Aleatorio,12,9,GY
E,1303.8110350831923,Fixo,12,9,GY
W,0.916182036386998,Aleatorio,12,9,GY
G,158.59995636769037,Aleatorio,12,9,GY
P,227.62902033434335,Aleatorio,12,9,GY
GE,15.197060489082004,Aleatorio,12,9,GY
PE,83.07847842312735,Aleatorio,12,9,GY
GW,46.62416650688327,Aleatorio,12,9,GY
PW,232.89503843410137,Aleatorio,12,9,GY
Residual,56.09823620721077,Aleatorio,2,10,GY
E,1285.0477856834664,Fixo,2,10,GY
P,136893340.79634076,Aleatorio,2,10,GY
PE,176.4100147161048,Aleatorio,2,10,GY
Residual,43.86156891045995,Aleatorio,7,10,GY
E,1636.2935485240448,Fixo,7,10,GY
G,136.6339239303987,Aleatorio,7,10,GY
P,348440.3455698422,Aleatorio,7,10,GY
GE,21.15773702488282,Aleatorio,7,10,GY
PE,121.15630330424692,Aleatorio,7,10,GY
Residual,56.11671126818677,Aleatorio,11,10,GY
E,1201.6445385810869,Fixo,11,10,GY
W,1.5000295270829076,Aleatorio,11,10,GY
P,136367096.6914645,Aleatorio,11,10,GY
PE,120.35248861247298,Aleatorio,11,10,GY
PW,440.7466497372638,Aleatorio,11,10,GY
Residual,44.85005213300156,Aleatorio,12,10,GY
E,986.6287214363517,Fixo,12,10,GY
W,0.9988837006422253,Aleatorio,12,10,GY
G,159.87076180227288,Aleatorio,12,10,GY
P,183.22010779682313,Aleatorio,12,10,GY
GE,15.154321774026293,Aleatorio,12,10,GY
PE,92.6322336260941,Aleatorio,12,10,GY
GW,46.19984979797908,Aleatorio,12,10,GY
PW,238.39848174890267,Aleatorio,12,10,GY
Residual,56.25446366066758,Aleatorio,2,11,GY
E,1421.2481924782878,Fixo,2,11,GY
P,136313040.48487863,Aleatorio,2,11,GY
PE,198.84074489903102,Aleatorio,2,11,GY
Residual,45.75289576931741,Aleatorio,7,11,GY
E,1103.8821998824467,Fixo,7,11,GY
G,158.19351196992145,Aleatorio,7,11,GY
P,179558.4018983125,Aleatorio,7,11,GY
GE,21.751273401177464,Aleatorio,7,11,GY
PE,110.78630862006123,Aleatorio,7,11,GY
Residual,55.98655686421006,Aleatorio,11,11,GY
E,1099.2125354921138,Fixo,11,11,GY
W,1.5070671477410102,Aleatorio,11,11,GY
P,135841746.79456577,Aleatorio,11,11,GY
PE,135.73251588593328,Aleatorio,11,11,GY
PW,622.334668218947,Aleatorio,11,11,GY
Residual,44.7425546118142,Aleatorio,12,11,GY
E,1020.9098590670231,Fixo,12,11,GY
W,0.9583805173557852,Aleatorio,12,11,GY
G,160.27557867499203,Aleatorio,12,11,GY
P,144.40520459503728,Aleatorio,12,11,GY
GE,15.471734957170945,Aleatorio,12,11,GY
PE,74.03596949893429,Aleatorio,12,11,GY
GW,46.185867214703364,Aleatorio,12,11,GY
PW,286.67702968370565,Aleatorio,12,11,GY
Residual,55.98451895230762,Aleatorio,2,12,GY
E,1288.3239117494172,Fixo,2,12,GY
P,136917145.78395218,Aleatorio,2,12,GY
PE,188.51711778113537,Aleatorio,2,12,GY
Residual,46.837815005006696,Aleatorio,7,12,GY
E,1594.8816533855563,Fixo,7,12,GY
G,172.57194693962333,Aleatorio,7,12,GY
P,573.36802585762,Aleatorio,7,12,GY
GE,22.419000123066844,Aleatorio,7,12,GY
PE,118.01891359556751,Aleatorio,7,12,GY
Residual,56.08593321797638,Aleatorio,11,12,GY
E,1417.6957292615286,Fixo,11,12,GY
W,1.6321103426959953,Aleatorio,11,12,GY
P,136196449.13551512,Aleatorio,11,12,GY
PE,129.3916600918615,Aleatorio,11,12,GY
PW,368.00027301539217,Aleatorio,11,12,GY
Residual,44.715831904877255,Aleatorio,12,12,GY
E,1076.3248271705845,Fixo,12,12,GY
W,1.0295236215874828,Aleatorio,12,12,GY
G,159.14889843691927,Aleatorio,12,12,GY
P,239.79199876359564,Aleatorio,12,12,GY
GE,15.407760250323268,Aleatorio,12,12,GY
PE,80.13469486631922,Aleatorio,12,12,GY
GW,46.52478942156631,Aleatorio,12,12,GY
PW,283.9957035244939,Aleatorio,12,12,GY
Residual,56.159900669731456,Aleatorio,2,13,GY
E,1275.239191706989,Fixo,2,13,GY
P,135732944.1518661,Aleatorio,2,13,GY
PE,166.64603149594308,Aleatorio,2,13,GY
Residual,45.8570469990976,Aleatorio,7,13,GY
E,1121.5960497991473,Fixo,7,13,GY
G,156.26964671630722,Aleatorio,7,13,GY
P,93553.82825513334,Aleatorio,7,13,GY
GE,21.9211366530569,Aleatorio,7,13,GY
PE,119.59698776214914,Aleatorio,7,13,GY
Residual,60.18437897491597,Aleatorio,11,13,GY
E,1256.4581374361244,Fixo,11,13,GY
W,1.4715335683347004,Aleatorio,11,13,GY
P,133149242.64264932,Aleatorio,11,13,GY
PE,141.73326531027814,Aleatorio,11,13,GY
PW,492.6329255582322,Aleatorio,11,13,GY
Residual,44.845527789898746,Aleatorio,12,13,GY
E,1076.0041125462744,Fixo,12,13,GY
W,1.7526291547524977,Aleatorio,12,13,GY
G,159.05183673906274,Aleatorio,12,13,GY
P,148.02775212428077,Aleatorio,12,13,GY
GE,15.218191699982452,Aleatorio,12,13,GY
PE,72.45978148062994,Aleatorio,12,13,GY
GW,46.424301621706675,Aleatorio,12,13,GY
PW,223.34611095135295,Aleatorio,12,13,GY
Residual,56.540546952577124,Aleatorio,2,14,GY
E,1344.2584076001183,Fixo,2,14,GY
P,135855565.53232628,Aleatorio,2,14,GY
PE,162.3813440572155,Aleatorio,2,14,GY
Residual,45.79794477080094,Aleatorio,7,14,GY
E,1104.3905217123245,Fixo,7,14,GY
G,156.90562006216751,Aleatorio,7,14,GY
P,141810.4729465456,Aleatorio,7,14,GY
GE,21.838973734505636,Aleatorio,7,14,GY
PE,106.20963617082096,Aleatorio,7,14,GY
Residual,56.21906089958439,Aleatorio,11,14,GY
E,1099.5539365363275,Fixo,11,14,GY
W,1.476523187737293,Aleatorio,11,14,GY
P,135811696.5146888,Aleatorio,11,14,GY
PE,126.19202325651058,Aleatorio,11,14,GY
PW,891.1504778767221,Aleatorio,11,14,GY
Residual,44.54090194949483,Aleatorio,12,14,GY
E,1062.5670852440012,Fixo,12,14,GY
W,0.9029820219168075,Aleatorio,12,14,GY
G,159.22278453988875,Aleatorio,12,14,GY
P,165.71619757202774,Aleatorio,12,14,GY
GE,15.407539372377993,Aleatorio,12,14,GY
PE,82.94193898670478,Aleatorio,12,14,GY
GW,46.76658111548518,Aleatorio,12,14,GY
PW,227.7147696708193,Aleatorio,12,14,GY
Residual,56.32288796253071,Aleatorio,2,15,GY
E,1306.4589242776333,Fixo,2,15,GY
P,136249876.62270775,Aleatorio,2,15,GY
PE,179.15330583406532,Aleatorio,2,15,GY
Residual,45.011654175453664,Aleatorio,7,15,GY
E,1132.8895466005115,Fixo,7,15,GY
G,152.99600263447826,Aleatorio,7,15,GY
P,255886.289302556,Aleatorio,7,15,GY
GE,21.816329794295932,Aleatorio,7,15,GY
PE,100.75014733235231,Aleatorio,7,15,GY
Residual,56.244028775241055,Aleatorio,11,15,GY
E,1282.6038101753772,Fixo,11,15,GY
W,1.4915363956394767,Aleatorio,11,15,GY
P,135854483.07348514,Aleatorio,11,15,GY
PE,125.36175102903547,Aleatorio,11,15,GY
PW,427.60293795080185,Aleatorio,11,15,GY
Residual,44.6801410965246,Aleatorio,12,15,GY
E,1140.7120555882468,Fixo,12,15,GY
W,1.145326511180757,Aleatorio,12,15,GY
G,159.9606624412747,Aleatorio,12,15,GY
P,194.6277278307376,Aleatorio,12,15,GY
GE,15.422819385153712,Aleatorio,12,15,GY
PE,88.77622975486317,Aleatorio,12,15,GY
GW,46.89438197103887,Aleatorio,12,15,GY
PW,331.0482684768582,Aleatorio,12,15,GY
Residual,56.363510054609705,Aleatorio,2,16,GY
E,1519.694975594166,Fixo,2,16,GY
P,135822493.65936193,Aleatorio,2,16,GY
PE,170.2234611282796,Aleatorio,2,16,GY
Residual,46.00407053927873,Aleatorio,7,16,GY
E,1645.0346271306544,Fixo,7,16,GY
G,159.43528671856686,Aleatorio,7,16,GY
P,146033.61242111586,Aleatorio,7,16,GY
GE,21.904108070603204,Aleatorio,7,16,GY
PE,107.34212452298995,Aleatorio,7,16,GY
Residual,56.15426244654259,Aleatorio,11,16,GY
E,1125.7371430911662,Fixo,11,16,GY
W,1.514111805558044,Aleatorio,11,16,GY
P,135562594.4703525,Aleatorio,11,16,GY
PE,110.20951053453295,Aleatorio,11,16,GY
PW,447.32137606096956,Aleatorio,11,16,GY
Residual,44.79584309601011,Aleatorio,12,16,GY
E,1078.6479979944827,Fixo,12,16,GY
W,0.9457845559824543,Aleatorio,12,16,GY
G,159.15569682935973,Aleatorio,12,16,GY
P,179.17153095361493,Aleatorio,12,16,GY
GE,15.228338108073423,Aleatorio,12,16,GY
PE,88.97515853138462,Aleatorio,12,16,GY
GW,47.063142856156375,Aleatorio,12,16,GY
PW,268.87640598216785,Aleatorio,12,16,GY
Residual,56.259524674249555,Aleatorio,2,17,GY
E,1490.5490019181163,Fixo,2,17,GY
P,135986155.71070954,Aleatorio,2,17,GY
PE,163.43967898747002,Aleatorio,2,17,GY
Residual,46.748244642928796,Aleatorio,7,17,GY
E,1069.98308272467,Fixo,7,17,GY
G,172.70143956235012,Aleatorio,7,17,GY
P,433.8067236807904,Aleatorio,7,17,GY
GE,22.435462014600226,Aleatorio,7,17,GY
PE,120.5293895483586,Aleatorio,7,17,GY
Residual,56.18626444255597,Aleatorio,11,17,GY
E,1095.5654409225394,Fixo,11,17,GY
W,1.5278730785570107,Aleatorio,11,17,GY
P,136099756.22168413,Aleatorio,11,17,GY
PE,122.60468849413488,Aleatorio,11,17,GY
PW,538.3655248143842,Aleatorio,11,17,GY
Residual,44.65920243804927,Aleatorio,12,17,GY
E,1012.7241369756457,Fixo,12,17,GY
W,0.8718478036693963,Aleatorio,12,17,GY
G,160.33456896447166,Aleatorio,12,17,GY
P,186.55996602239463,Aleatorio,12,17,GY
GE,15.41865230001695,Aleatorio,12,17,GY
PE,74.10904044887502,Aleatorio,12,17,GY
GW,45.9531808409535,Aleatorio,12,17,GY
PW,238.4198094062112,Aleatorio,12,17,GY
Residual,56.200127687288024,Aleatorio,2,18,GY
E,1211.2176206566803,Fixo,2,18,GY
P,136494488.5437877,Aleatorio,2,18,GY
PE,164.96543070033871,Aleatorio,2,18,GY
Residual,45.089078095834445,Aleatorio,7,18,GY
E,1078.272403438509,Fixo,7,18,GY
G,149.9461787109237,Aleatorio,7,18,GY
P,156549.23560059295,Aleatorio,7,18,GY
GE,21.43570790455229,Aleatorio,7,18,GY
PE,111.58807365772081,Aleatorio,7,18,GY
Residual,55.94605193605781,Aleatorio,11,18,GY
E,1335.3673768944568,Fixo,11,18,GY
W,1.3948863562140863,Aleatorio,11,18,GY
P,136230582.09239468,Aleatorio,11,18,GY
PE,111.71950661703899,Aleatorio,11,18,GY
PW,511.2526781461248,Aleatorio,11,18,GY
Residual,44.845312825085074,Aleatorio,12,18,GY
E,1103.0122879662115,Fixo,12,18,GY
W,0.9365744259294179,Aleatorio,12,18,GY
G,159.3670754877892,Aleatorio,12,18,GY
P,162.8090383380219,Aleatorio,12,18,GY
GE,15.303951877729652,Aleatorio,12,18,GY
PE,82.93255200748101,Aleatorio,12,18,GY
GW,46.85216806430597,Aleatorio,12,18,GY
PW,315.04391232778414,Aleatorio,12,18,GY
Residual,56.247323145445684,Aleatorio,2,19,GY
E,1287.0493663425186,Fixo,2,19,GY
P,136178062.24044818,Aleatorio,2,19,GY
PE,172.93657932409377,Aleatorio,2,19,GY
Residual,44.92199187353974,Aleatorio,7,19,GY
E,1223.8431823279755,Fixo,7,19,GY
G,149.54657446101217,Aleatorio,7,19,GY
P,225444.16676024062,Aleatorio,7,19,GY
GE,21.45115050835516,Aleatorio,7,19,GY
PE,106.76849229798941,Aleatorio,7,19,GY
Residual,56.13095543976263,Aleatorio,11,19,GY
E,1162.3509475655724,Fixo,11,19,GY
W,1.5431852166070268,Aleatorio,11,19,GY
P,135759561.2191388,Aleatorio,11,19,GY
PE,122.5929095530554,Aleatorio,11,19,GY
PW,560.0529469309453,Aleatorio,11,19,GY
Residual,44.831015385059985,Aleatorio,12,19,GY
E,1112.9174331304855,Fixo,12,19,GY
W,1.0847653278558345,Aleatorio,12,19,GY
G,160.41501561709086,Aleatorio,12,19,GY
P,334.9549386710336,Aleatorio,12,19,GY
GE,15.40459250924638,Aleatorio,12,19,GY
PE,76.16772118504126,Aleatorio,12,19,GY
GW,46.50104707327111,Aleatorio,12,19,GY
PW,249.27204861316335,Aleatorio,12,19,GY
Residual,56.549954862716334,Aleatorio,2,20,GY
E,1274.989776545319,Fixo,2,20,GY
P,135746827.14568156,Aleatorio,2,20,GY
PE,186.12312217748752,Aleatorio,2,20,GY
Residual,47.184898177831,Aleatorio,7,20,GY
E,1593.9458369549563,Fixo,7,20,GY
G,174.91593765191615,Aleatorio,7,20,GY
P,318.2234363171551,Aleatorio,7,20,GY
GE,22.206110924220237,Aleatorio,7,20,GY
PE,120.76475816351083,Aleatorio,7,20,GY
Residual,61.27299546238468,Aleatorio,11,20,GY
E,1175.9381538151306,Fixo,11,20,GY
W,1.453468293589991,Aleatorio,11,20,GY
P,132061877.86888197,Aleatorio,11,20,GY
PE,130.9252302597497,Aleatorio,11,20,GY
PW,436.28504352634656,Aleatorio,11,20,GY
Residual,43.93180933853087,Aleatorio,12,20,GY
E,1057.5515110063811,Fixo,12,20,GY
W,0.9329121224879224,Aleatorio,12,20,GY
G,148.92713680630627,Aleatorio,12,20,GY
P,44882.77339383012,Aleatorio,12,20,GY
GE,15.17788166389593,Aleatorio,12,20,GY
PE,72.18046983617317,Aleatorio,12,20,GY
GW,46.63666106090583,Aleatorio,12,20,GY
PW,301.7640086261073,Aleatorio,12,20,GY
Residual,12.476421898646654,Aleatorio,2,1,KW
E,355.2945220127896,Fixo,2,1,KW
P,41365145.78806398,Aleatorio,2,1,KW
PE,50.119663458162684,Aleatorio,2,1,KW
Residual,9.727901873989605,Aleatorio,7,1,KW
E,327.20997060989026,Fixo,7,1,KW
G,64.79573099861615,Aleatorio,7,1,KW
P,516433.5346579745,Aleatorio,7,1,KW
GE,4.692371655291226,Aleatorio,7,1,KW
PE,31.652361015549758,Aleatorio,7,1,KW
Residual,12.416506967415797,Aleatorio,11,1,KW
E,272.3859695888129,Fixo,11,1,KW
W,0.39111406340863997,Aleatorio,11,1,KW
P,41446656.505425386,Aleatorio,11,1,KW
PE,32.060740207456,Aleatorio,11,1,KW
PW,80.31639201037243,Aleatorio,11,1,KW
Residual,10.041500694643046,Aleatorio,12,1,KW
E,256.7283216338222,Fixo,12,1,KW
W,0.2647204872401763,Aleatorio,12,1,KW
G,71.19342264856434,Aleatorio,12,1,KW
P,162240.17858112796,Aleatorio,12,1,KW
GE,3.6834048799352277,Aleatorio,12,1,KW
PE,20.9949274594022,Aleatorio,12,1,KW
GW,11.142952900567112,Aleatorio,12,1,KW
PW,56.884400429657255,Aleatorio,12,1,KW
Residual,12.528719394748636,Aleatorio,2,2,KW
E,335.06820644979314,Fixo,2,2,KW
P,41324620.53491544,Aleatorio,2,2,KW
PE,45.46876307671845,Aleatorio,2,2,KW
Residual,9.794339849117874,Aleatorio,7,2,KW
E,334.2756777865987,Fixo,7,2,KW
G,64.62941822575189,Aleatorio,7,2,KW
P,400159.11015040136,Aleatorio,7,2,KW
GE,4.645089714667236,Aleatorio,7,2,KW
PE,34.25431710793386,Aleatorio,7,2,KW
Residual,12.459858798374574,Aleatorio,11,2,KW
E,278.83707490211907,Fixo,11,2,KW
W,0.4431731637286563,Aleatorio,11,2,KW
P,41426272.673562974,Aleatorio,11,2,KW
PE,33.55122962635306,Aleatorio,11,2,KW
PW,102.8567960483434,Aleatorio,11,2,KW
Residual,11.003275338343306,Aleatorio,12,2,KW
E,263.7419330735817,Fixo,12,2,KW
W,0.2537626048311235,Aleatorio,12,2,KW
G,81.2592725785088,Aleatorio,12,2,KW
P,2324.3858725857976,Aleatorio,12,2,KW
GE,3.9932279834072353,Aleatorio,12,2,KW
PE,19.60480130343634,Aleatorio,12,2,KW
GW,11.575534197240378,Aleatorio,12,2,KW
PW,77.7369004659323,Aleatorio,12,2,KW
Residual,12.494462042224525,Aleatorio,2,3,KW
E,317.1795305835791,Fixo,2,3,KW
P,41391782.52235661,Aleatorio,2,3,KW
PE,48.192098780836155,Aleatorio,2,3,KW
Residual,9.810003588732119,Aleatorio,7,3,KW
E,288.9469933015799,Fixo,7,3,KW
G,65.47347134551221,Aleatorio,7,3,KW
P,372871.6346625226,Aleatorio,7,3,KW
GE,4.768871350359644,Aleatorio,7,3,KW
PE,34.60960227732898,Aleatorio,7,3,KW
Residual,12.475342799073902,Aleatorio,11,3,KW
E,304.980657573902,Fixo,11,3,KW
W,0.39745833139613906,Aleatorio,11,3,KW
P,41421821.78264047,Aleatorio,11,3,KW
PE,33.70234880460241,Aleatorio,11,3,KW
PW,110.68901923630304,Aleatorio,11,3,KW
Residual,9.957337612122615,Aleatorio,12,3,KW
E,261.706996701653,Fixo,12,3,KW
W,0.24509121170403186,Aleatorio,12,3,KW
G,69.90957681388852,Aleatorio,12,3,KW
P,161045.66575944796,Aleatorio,12,3,KW
GE,3.639971601647455,Aleatorio,12,3,KW
PE,20.61623770860747,Aleatorio,12,3,KW
GW,11.12310407065114,Aleatorio,12,3,KW
PW,60.42512817218542,Aleatorio,12,3,KW
Residual,12.45146591967655,Aleatorio,2,4,KW
E,346.0522075295716,Fixo,2,4,KW
P,41385932.38677043,Aleatorio,2,4,KW
PE,46.54504607650381,Aleatorio,2,4,KW
Residual,9.998880044052155,Aleatorio,7,4,KW
E,331.995357683186,Fixo,7,4,KW
G,67.31166801468713,Aleatorio,7,4,KW
P,389854.1877848332,Aleatorio,7,4,KW
GE,4.818421513666936,Aleatorio,7,4,KW
PE,29.487827090492974,Aleatorio,7,4,KW
Residual,12.494695815352694,Aleatorio,11,4,KW
E,289.9548432464792,Fixo,11,4,KW
W,0.39524037981968746,Aleatorio,11,4,KW
P,41533230.57190957,Aleatorio,11,4,KW
PE,37.98301357790265,Aleatorio,11,4,KW
PW,93.3774584694377,Aleatorio,11,4,KW
Residual,9.266952171606512,Aleatorio,12,4,KW
E,277.3046288052766,Fixo,12,4,KW
W,0.27955571188718426,Aleatorio,12,4,KW
G,63.392100327693484,Aleatorio,12,4,KW
P,316872.9134985072,Aleatorio,12,4,KW
GE,3.384289904489234,Aleatorio,12,4,KW
PE,22.405185535761646,Aleatorio,12,4,KW
GW,10.715867799770562,Aleatorio,12,4,KW
PW,65.3759683292085,Aleatorio,12,4,KW
Residual,12.477903408175331,Aleatorio,2,5,KW
E,317.67144996319564,Fixo,2,5,KW
P,41292525.48315221,Aleatorio,2,5,KW
PE,49.59435254938212,Aleatorio,2,5,KW
Residual,9.831883308573751,Aleatorio,7,5,KW
E,278.53599213087034,Fixo,7,5,KW
G,65.89323590047087,Aleatorio,7,5,KW
P,437473.9081245556,Aleatorio,7,5,KW
GE,4.711680687633623,Aleatorio,7,5,KW
PE,28.848392138317138,Aleatorio,7,5,KW
Residual,26.27952999980875,Aleatorio,11,5,KW
E,276.7172609888643,Fixo,11,5,KW
W,0.4132389722882985,Aleatorio,11,5,KW
P,34338750.58548381,Aleatorio,11,5,KW
PE,33.24114133283819,Aleatorio,11,5,KW
PW,112.1243629535442,Aleatorio,11,5,KW
Residual,9.771520040273494,Aleatorio,12,5,KW
E,462.9684226881135,Fixo,12,5,KW
W,0.2507919483212433,Aleatorio,12,5,KW
G,67.35908293737519,Aleatorio,12,5,KW
P,271641.5554974799,Aleatorio,12,5,KW
GE,3.605534037502997,Aleatorio,12,5,KW
PE,21.21782678428201,Aleatorio,12,5,KW
GW,11.010959842221633,Aleatorio,12,5,KW
PW,69.99265323646513,Aleatorio,12,5,KW
Residual,12.49998598891733,Aleatorio,2,6,KW
E,461.627441541828,Fixo,2,6,KW
P,41319936.097737186,Aleatorio,2,6,KW
PE,50.530403030415926,Aleatorio,2,6,KW
Residual,9.74251195984721,Aleatorio,7,6,KW
E,287.26516372121455,Fixo,7,6,KW
G,64.67201198648725,Aleatorio,7,6,KW
P,435897.0818823547,Aleatorio,7,6,KW
GE,4.687436381403551,Aleatorio,7,6,KW
PE,32.63894794322043,Aleatorio,7,6,KW
Residual,18.705170808948232,Aleatorio,11,6,KW
E,305.3736910444425,Fixo,11,6,KW
W,0.4298726070705692,Aleatorio,11,6,KW
P,38075839.026454054,Aleatorio,11,6,KW
PE,35.276081551721184,Aleatorio,11,6,KW
PW,104.46233903901671,Aleatorio,11,6,KW
Residual,10.260776148954744,Aleatorio,12,6,KW
E,275.988736847007,Fixo,12,6,KW
W,0.2418325751547319,Aleatorio,12,6,KW
G,73.82611718795759,Aleatorio,12,6,KW
P,123783.32587185233,Aleatorio,12,6,KW
GE,3.7827452900154737,Aleatorio,12,6,KW
PE,20.551154649656773,Aleatorio,12,6,KW
GW,11.213744793727695,Aleatorio,12,6,KW
PW,90.72227074657275,Aleatorio,12,6,KW
Residual,12.453608092304776,Aleatorio,2,7,KW
E,319.53912638707453,Fixo,2,7,KW
P,41446361.50263605,Aleatorio,2,7,KW
PE,51.583037169992316,Aleatorio,2,7,KW
Residual,9.823131154943443,Aleatorio,7,7,KW
E,498.07772466147804,Fixo,7,7,KW
G,64.46771638722106,Aleatorio,7,7,KW
P,494932.73606154165,Aleatorio,7,7,KW
GE,4.7022579327925005,Aleatorio,7,7,KW
PE,31.1713950046849,Aleatorio,7,7,KW
Residual,16.58405814975874,Aleatorio,11,7,KW
E,298.043070512689,Fixo,11,7,KW
W,0.42400950342816596,Aleatorio,11,7,KW
P,38999113.80528058,Aleatorio,11,7,KW
PE,35.58096045769554,Aleatorio,11,7,KW
PW,109.0699884390321,Aleatorio,11,7,KW
Residual,10.35768926284192,Aleatorio,12,7,KW
E,289.36696427556564,Fixo,12,7,KW
W,0.2700100577777191,Aleatorio,12,7,KW
G,74.71234913910159,Aleatorio,12,7,KW
P,127062.91161269037,Aleatorio,12,7,KW
GE,3.7984998133778674,Aleatorio,12,7,KW
PE,24.904938644765263,Aleatorio,12,7,KW
GW,11.363183236057628,Aleatorio,12,7,KW
PW,79.74088011106639,Aleatorio,12,7,KW
Residual,12.498498238215067,Aleatorio,2,8,KW
E,383.383119213752,Fixo,2,8,KW
P,41504706.23238624,Aleatorio,2,8,KW
PE,40.59538289241476,Aleatorio,2,8,KW
Residual,9.87641218714384,Aleatorio,7,8,KW
E,312.65385266191845,Fixo,7,8,KW
G,66.00442124504293,Aleatorio,7,8,KW
P,422782.7447071111,Aleatorio,7,8,KW
GE,4.711260939082978,Aleatorio,7,8,KW
PE,27.08843601591761,Aleatorio,7,8,KW
Residual,13.615576746907184,Aleatorio,11,8,KW
E,349.7283994739608,Fixo,11,8,KW
W,0.3919833628990308,Aleatorio,11,8,KW
P,40434148.48985111,Aleatorio,11,8,KW
PE,32.06139830966238,Aleatorio,11,8,KW
PW,104.48764051535235,Aleatorio,11,8,KW
Residual,9.5897138256643,Aleatorio,12,8,KW
E,298.9944368024681,Fixo,12,8,KW
W,0.24430817556763748,Aleatorio,12,8,KW
G,65.93254735107382,Aleatorio,12,8,KW
P,268684.6444643279,Aleatorio,12,8,KW
GE,3.4986179313719745,Aleatorio,12,8,KW
PE,24.0548626383059,Aleatorio,12,8,KW
GW,11.050955067680988,Aleatorio,12,8,KW
PW,76.98829853723738,Aleatorio,12,8,KW
Residual,13.126463375475819,Aleatorio,2,9,KW
E,319.03348906829183,Fixo,2,9,KW
P,40944753.33422336,Aleatorio,2,9,KW
PE,45.25579753497948,Aleatorio,2,9,KW
Residual,9.725855175078873,Aleatorio,7,9,KW
E,317.8875999171523,Fixo,7,9,KW
G,64.67983627146658,Aleatorio,7,9,KW
P,459915.77287528303,Aleatorio,7,9,KW
GE,4.67608505796828,Aleatorio,7,9,KW
PE,34.718315917899574,Aleatorio,7,9,KW
Residual,13.878339775998237,Aleatorio,11,9,KW
E,283.753672743132,Fixo,11,9,KW
W,0.3946734737355392,Aleatorio,11,9,KW
P,40282127.34050819,Aleatorio,11,9,KW
PE,33.74621321061216,Aleatorio,11,9,KW
PW,101.16662111873511,Aleatorio,11,9,KW
Residual,10.000415546828574,Aleatorio,12,9,KW
E,254.10533819023925,Fixo,12,9,KW
W,0.24807512460932196,Aleatorio,12,9,KW
G,71.0126048581676,Aleatorio,12,9,KW
P,186996.50099637837,Aleatorio,12,9,KW
GE,3.658128114578462,Aleatorio,12,9,KW
PE,18.820825552022225,Aleatorio,12,9,KW
GW,11.116826937961452,Aleatorio,12,9,KW
PW,63.11510686114172,Aleatorio,12,9,KW
Residual,12.44442475586725,Aleatorio,2,10,KW
E,337.0427605933654,Fixo,2,10,KW
P,41480341.15504065,Aleatorio,2,10,KW
PE,48.9608200851094,Aleatorio,2,10,KW
Residual,9.857314366592366,Aleatorio,7,10,KW
E,277.6467717101264,Fixo,7,10,KW
G,65.76324971321291,Aleatorio,7,10,KW
P,425461.53641402145,Aleatorio,7,10,KW
GE,4.718635229463311,Aleatorio,7,10,KW
PE,28.023357447275945,Aleatorio,7,10,KW
Residual,14.228088108691415,Aleatorio,11,10,KW
E,297.0121258052158,Fixo,11,10,KW
W,0.453862431177041,Aleatorio,11,10,KW
P,40190660.16612459,Aleatorio,11,10,KW
PE,33.62161093890564,Aleatorio,11,10,KW
PW,93.48861531049108,Aleatorio,11,10,KW
Residual,9.492740364981513,Aleatorio,12,10,KW
E,270.15760225182225,Fixo,12,10,KW
W,0.27576867107936415,Aleatorio,12,10,KW
G,64.9559372538911,Aleatorio,12,10,KW
P,313124.4419582768,Aleatorio,12,10,KW
GE,3.474509456053416,Aleatorio,12,10,KW
PE,25.508109983405287,Aleatorio,12,10,KW
GW,11.034773862774385,Aleatorio,12,10,KW
PW,71.89423509921573,Aleatorio,12,10,KW
Residual,12.574013325373643,Aleatorio,2,11,KW
E,314.2636244826974,Fixo,2,11,KW
P,41117429.93735841,Aleatorio,2,11,KW
PE,43.0736456843827,Aleatorio,2,11,KW
Residual,9.832684625003584,Aleatorio,7,11,KW
E,272.54885825579163,Fixo,7,11,KW
G,66.06240571539819,Aleatorio,7,11,KW
P,339091.4017466038,Aleatorio,7,11,KW
GE,4.766163815779251,Aleatorio,7,11,KW
PE,29.8107980980332,Aleatorio,7,11,KW
Residual,12.452629492622325,Aleatorio,11,11,KW
E,316.1566356792241,Fixo,11,11,KW
W,0.3821867651320705,Aleatorio,11,11,KW
P,41174848.42633432,Aleatorio,11,11,KW
PE,30.81783537929593,Aleatorio,11,11,KW
PW,92.29994592503716,Aleatorio,11,11,KW
Residual,9.698470682673785,Aleatorio,12,11,KW
E,331.66353200212,Fixo,12,11,KW
W,0.2749567209095981,Aleatorio,12,11,KW
G,67.16284745684527,Aleatorio,12,11,KW
P,275467.4100245479,Aleatorio,12,11,KW
GE,3.5519921667357237,Aleatorio,12,11,KW
PE,22.79201232060485,Aleatorio,12,11,KW
GW,10.903612095226231,Aleatorio,12,11,KW
PW,73.67113553691246,Aleatorio,12,11,KW
Residual,12.487633647267367,Aleatorio,2,12,KW
E,378.11383796695975,Fixo,2,12,KW
P,41385041.98134412,Aleatorio,2,12,KW
PE,43.74349635910369,Aleatorio,2,12,KW
Residual,9.672818966438067,Aleatorio,7,12,KW
E,297.47238267348797,Fixo,7,12,KW
G,63.66232543142099,Aleatorio,7,12,KW
P,582405.5352613144,Aleatorio,7,12,KW
GE,4.594375718505446,Aleatorio,7,12,KW
PE,29.36855047554004,Aleatorio,7,12,KW
Residual,12.484464017237581,Aleatorio,11,12,KW
E,279.66483104048393,Fixo,11,12,KW
W,0.4167043918801848,Aleatorio,11,12,KW
P,41529125.791718796,Aleatorio,11,12,KW
PE,31.90325998603657,Aleatorio,11,12,KW
PW,77.32926117265312,Aleatorio,11,12,KW
Residual,9.355772750418236,Aleatorio,12,12,KW
E,281.58125791181243,Fixo,12,12,KW
W,0.25280227919282705,Aleatorio,12,12,KW
G,63.844370497495646,Aleatorio,12,12,KW
P,258523.9172452266,Aleatorio,12,12,KW
GE,3.4381275893388463,Aleatorio,12,12,KW
PE,21.00784370032458,Aleatorio,12,12,KW
GW,10.754706555892115,Aleatorio,12,12,KW
PW,55.44375043070714,Aleatorio,12,12,KW
Residual,12.467610819475238,Aleatorio,2,13,KW
E,332.1125553244716,Fixo,2,13,KW
P,41380106.00120818,Aleatorio,2,13,KW
PE,46.28508583382184,Aleatorio,2,13,KW
Residual,9.955988162674055,Aleatorio,7,13,KW
E,506.8801191778751,Fixo,7,13,KW
G,66.81719113841227,Aleatorio,7,13,KW
P,544301.3209458236,Aleatorio,7,13,KW
GE,4.80987880927483,Aleatorio,7,13,KW
PE,28.506640684310646,Aleatorio,7,13,KW
Residual,16.147081349810783,Aleatorio,11,13,KW
E,283.4715247807831,Fixo,11,13,KW
W,0.4383700379776705,Aleatorio,11,13,KW
P,62.03795860469942,Aleatorio,11,13,KW
PE,38.732660636487374,Aleatorio,11,13,KW
PW,72377638.66842629,Aleatorio,11,13,KW
Residual,10.53643448602791,Aleatorio,12,13,KW
E,260.8431801477529,Fixo,12,13,KW
W,0.2658926169923654,Aleatorio,12,13,KW
G,75.97862015903856,Aleatorio,12,13,KW
P,121389.34006236092,Aleatorio,12,13,KW
GE,3.845339642166502,Aleatorio,12,13,KW
PE,21.00984129972831,Aleatorio,12,13,KW
GW,11.407057488433473,Aleatorio,12,13,KW
PW,63.177055649578904,Aleatorio,12,13,KW
Residual,12.482675518497935,Aleatorio,2,14,KW
E,387.7059234605252,Fixo,2,14,KW
P,41316366.26830384,Aleatorio,2,14,KW
PE,44.445260720439954,Aleatorio,2,14,KW
Residual,9.954332330323378,Aleatorio,7,14,KW
E,407.07871873823257,Fixo,7,14,KW
G,67.09186950691007,Aleatorio,7,14,KW
P,333616.898509769,Aleatorio,7,14,KW
GE,4.801557998282146,Aleatorio,7,14,KW
PE,25.960237292807328,Aleatorio,7,14,KW
Residual,12.49255719984653,Aleatorio,11,14,KW
E,286.19304966497026,Fixo,11,14,KW
W,0.4170580999884113,Aleatorio,11,14,KW
P,41471075.10883606,Aleatorio,11,14,KW
PE,33.04132136031456,Aleatorio,11,14,KW
PW,85.65719007459492,Aleatorio,11,14,KW
Residual,10.053893892582911,Aleatorio,12,14,KW
E,275.51574844591727,Fixo,12,14,KW
W,0.27214331794321,Aleatorio,12,14,KW
G,71.42008126575669,Aleatorio,12,14,KW
P,163218.6891851465,Aleatorio,12,14,KW
GE,3.6780353078425807,Aleatorio,12,14,KW
PE,21.125258566309437,Aleatorio,12,14,KW
GW,11.305755208241907,Aleatorio,12,14,KW
PW,59.360388873119796,Aleatorio,12,14,KW
Residual,12.52729530097138,Aleatorio,2,15,KW
E,314.04562078609365,Fixo,2,15,KW
P,41300957.48212561,Aleatorio,2,15,KW
PE,49.898755423120186,Aleatorio,2,15,KW
Residual,10.32817495995892,Aleatorio,7,15,KW
E,283.5726472481773,Fixo,7,15,KW
G,70.46993903801761,Aleatorio,7,15,KW
P,254290.97038001334,Aleatorio,7,15,KW
GE,4.918484454811188,Aleatorio,7,15,KW
PE,27.145604590519977,Aleatorio,7,15,KW
Residual,16.884803650177908,Aleatorio,11,15,KW
E,272.44539442167996,Fixo,11,15,KW
W,0.4308845753807702,Aleatorio,11,15,KW
P,38945655.7236743,Aleatorio,11,15,KW
PE,34.79499290731105,Aleatorio,11,15,KW
PW,131.65950527315172,Aleatorio,11,15,KW
Residual,9.535022646409427,Aleatorio,12,15,KW
E,358.2399195836706,Fixo,12,15,KW
W,0.25284234217301954,Aleatorio,12,15,KW
G,65.3101030520637,Aleatorio,12,15,KW
P,281108.14871401316,Aleatorio,12,15,KW
GE,3.4869519254500614,Aleatorio,12,15,KW
PE,19.585044434811305,Aleatorio,12,15,KW
GW,10.87128146745886,Aleatorio,12,15,KW
PW,62.93008825980266,Aleatorio,12,15,KW
Residual,12.470281926317092,Aleatorio,2,16,KW
E,321.2914332803852,Fixo,2,16,KW
P,41452207.803699955,Aleatorio,2,16,KW
PE,49.96619193737132,Aleatorio,2,16,KW
Residual,10.605640137023,Aleatorio,7,16,KW
E,300.39748094847914,Fixo,7,16,KW
G,73.05016952400952,Aleatorio,7,16,KW
P,256655.93078448504,Aleatorio,7,16,KW
GE,5.043071397962845,Aleatorio,7,16,KW
PE,29.01818837494249,Aleatorio,7,16,KW
Residual,14.40444782341458,Aleatorio,11,16,KW
E,283.38493799557244,Fixo,11,16,KW
W,0.4797498915068399,Aleatorio,11,16,KW
P,40210479.36720872,Aleatorio,11,16,KW
PE,32.00943132124752,Aleatorio,11,16,KW
PW,99.53008428654992,Aleatorio,11,16,KW
Residual,9.444779119009864,Aleatorio,12,16,KW
E,271.1036147870548,Fixo,12,16,KW
W,0.2487439390666689,Aleatorio,12,16,KW
G,65.0887279846944,Aleatorio,12,16,KW
P,315614.67301313643,Aleatorio,12,16,KW
GE,3.5107188991796443,Aleatorio,12,16,KW
PE,25.122715697223352,Aleatorio,12,16,KW
GW,10.625865805423826,Aleatorio,12,16,KW
PW,69.22603734529966,Aleatorio,12,16,KW
Residual,12.405438329746763,Aleatorio,2,17,KW
E,337.9244012314291,Fixo,2,17,KW
P,41356445.474802606,Aleatorio,2,17,KW
PE,46.232570744498275,Aleatorio,2,17,KW
Residual,9.793482547541798,Aleatorio,7,17,KW
E,299.77504076132107,Fixo,7,17,KW
G,65.31489637993424,Aleatorio,7,17,KW
P,513613.4897386393,Aleatorio,7,17,KW
GE,4.737480673114004,Aleatorio,7,17,KW
PE,33.21172711085942,Aleatorio,7,17,KW
Residual,12.50898883098487,Aleatorio,11,17,KW
E,298.9563503892667,Fixo,11,17,KW
W,0.4049567166721016,Aleatorio,11,17,KW
P,41285995.65233699,Aleatorio,11,17,KW
PE,31.44773701133067,Aleatorio,11,17,KW
PW,127.62721687200722,Aleatorio,11,17,KW
Residual,9.372553333369584,Aleatorio,12,17,KW
E,269.90550270405606,Fixo,12,17,KW
W,0.28876824601265094,Aleatorio,12,17,KW
G,64.13857487648953,Aleatorio,12,17,KW
P,363551.59558761347,Aleatorio,12,17,KW
GE,3.4648911060234355,Aleatorio,12,17,KW
PE,22.360508748188444,Aleatorio,12,17,KW
GW,10.742960949404164,Aleatorio,12,17,KW
PW,63.908402832095135,Aleatorio,12,17,KW
Residual,12.4165135296023,Aleatorio,2,18,KW
E,319.2213958223954,Fixo,2,18,KW
P,41347538.29169092,Aleatorio,2,18,KW
PE,45.324003372153165,Aleatorio,2,18,KW
Residual,9.851743517915402,Aleatorio,7,18,KW
E,286.13727329683906,Fixo,7,18,KW
G,66.11880073851067,Aleatorio,7,18,KW
P,301416.53683372407,Aleatorio,7,18,KW
GE,4.7997290862153035,Aleatorio,7,18,KW
PE,33.283273880308684,Aleatorio,7,18,KW
Residual,12.46694155848085,Aleatorio,11,18,KW
E,304.7235127452567,Fixo,11,18,KW
W,0.4113008114178413,Aleatorio,11,18,KW
P,41445452.442249484,Aleatorio,11,18,KW
PE,33.689463701400676,Aleatorio,11,18,KW
PW,99.5389508227463,Aleatorio,11,18,KW
Residual,9.672208693465352,Aleatorio,12,18,KW
E,246.8198646349489,Fixo,12,18,KW
W,0.2468214682546074,Aleatorio,12,18,KW
G,66.93621117584054,Aleatorio,12,18,KW
P,208141.54819292485,Aleatorio,12,18,KW
GE,3.549902775525174,Aleatorio,12,18,KW
PE,22.09360083701165,Aleatorio,12,18,KW
GW,11.062971921572977,Aleatorio,12,18,KW
PW,72.06774708868348,Aleatorio,12,18,KW
Residual,12.493894133345034,Aleatorio,2,19,KW
E,342.7959957463223,Fixo,2,19,KW
P,41540405.850303955,Aleatorio,2,19,KW
PE,46.13058258179733,Aleatorio,2,19,KW
Residual,9.914442739206878,Aleatorio,7,19,KW
E,273.14613775168124,Fixo,7,19,KW
G,66.26007460986087,Aleatorio,7,19,KW
P,384789.69301102083,Aleatorio,7,19,KW
GE,4.709856174773648,Aleatorio,7,19,KW
PE,33.91513437654178,Aleatorio,7,19,KW
Residual,12.459760406977976,Aleatorio,11,19,KW
E,306.3812487831673,Fixo,11,19,KW
W,0.39280122955730346,Aleatorio,11,19,KW
P,41383229.441723205,Aleatorio,11,19,KW
PE,34.122364734562126,Aleatorio,11,19,KW
PW,132.27272178629067,Aleatorio,11,19,KW
Residual,10.004645615808798,Aleatorio,12,19,KW
E,260.23178041792767,Fixo,12,19,KW
W,0.24447882305594426,Aleatorio,12,19,KW
G,69.82675435415598,Aleatorio,12,19,KW
P,283287.3853351901,Aleatorio,12,19,KW
GE,3.630565092472808,Aleatorio,12,19,KW
PE,23.23708076781371,Aleatorio,12,19,KW
GW,11.28560567105283,Aleatorio,12,19,KW
PW,74.14433352658799,Aleatorio,12,19,KW
Residual,12.492684002078276,Aleatorio,2,20,KW
E,323.7230335247103,Fixo,2,20,KW
P,41293691.071300514,Aleatorio,2,20,KW
PE,51.07982636677177,Aleatorio,2,20,KW
Residual,10.637982188801667,Aleatorio,7,20,KW
E,310.9596265289641,Fixo,7,20,KW
G,73.510645901006,Aleatorio,7,20,KW
P,239326.68366067848,Aleatorio,7,20,KW
GE,5.062285895804104,Aleatorio,7,20,KW
PE,30.999815416580816,Aleatorio,7,20,KW
Residual,18.312875393692156,Aleatorio,11,20,KW
E,386.09651593901833,Fixo,11,20,KW
W,0.4352168390414657,Aleatorio,11,20,KW
P,38209148.7435721,Aleatorio,11,20,KW
PE,35.680796554602054,Aleatorio,11,20,KW
PW,126.74111858692932,Aleatorio,11,20,KW
Residual,9.644095078189073,Aleatorio,12,20,KW
E,295.2979642786874,Fixo,12,20,KW
W,0.24635538738489918,Aleatorio,12,20,KW
G,66.99528422508688,Aleatorio,12,20,KW
P,202351.2653211436,Aleatorio,12,20,KW
GE,3.5421318824977406,Aleatorio,12,20,KW
PE,24.576442548105984,Aleatorio,12,20,KW
GW,11.100171449819223,Aleatorio,12,20,KW
PW,62.87019754070259,Aleatorio,12,20,KW
